Original_Text,Cleaned_Text,Label
Help me set up network-level parental controls for my children's devices.,help me set up network level parental controls for my children's devices.,Request
Please send an official technician to check for a possible signal leak in the building.,please send an official technician to check for a possible signal leak in the building.,Request
I am unable to use my gift card for this transaction.,i am unable to use my gift card for this transaction.,Problem
My data quota did not reset today even though it is the start of the month.,my data quota did not reset today even though it is the start of the month.,Problem
I am having trouble with the hotkeys on the portal.,i am having trouble with the hotkeys on the portal.,Problem
the modem feels extremely hot and keeps shutting down by itself,the modem feels extremely hot and keeps shutting down by itself,Problem
I need to schedule a service termination for the end of this current term.,i need to schedule a service termination for the end of this current term.,Request
Downgrade my current plan to the basic 30mbps starter tier.,downgrade my current plan to the basic 30mbps starter tier.,Request
I am unable to receive a verification code on my email.,i am unable to receive a verification code on my email.,Problem
What specific documentation is required to qualify for the corporate employee discount program?,what specific documentation is required to qualify for the corporate employee discount program?,Information
I am having trouble with the plugin integration on the portal.,i am having trouble with the plugin integration on the portal.,Problem
I’m requesting a site survey for a new installation at my secondary property.,i m requesting a site survey for a new installation at my secondary property.,Request
What are the specific terms and conditions regarding the early termination fee for a two-year contract?,what are the specific terms and conditions regarding the early termination fee for a two year contract?,Information
the plan upgrade is complete but the speed is still stuck on the old package,the plan upgrade is complete but the speed is still stuck on the old package,Problem
I am unable to find the email address for support.,i am unable to find the email address for support.,Information
Please schedule a migration of my line from the old copper network to the new fiber line.,please schedule a migration of my line from the old copper network to the new fiber line.,Request
router shows connected but i can't open any website at all,router shows connected but i can't open any website at all,Problem
I am having trouble with the purchase confirmation process.,i am having trouble with the purchase confirmation process.,Problem
Kindly reset my account password and send the temporary link to my phone.,kindly reset my account password and send the temporary link to my phone.,Request
I need assistance with billing problem,i need assistance with billing problem,Request
Please send me the subscription cancellation form for next month,please send me the subscription cancellation form for next month,Request
I am having trouble with the notification system for new alerts.,i am having trouble with the notification system for new alerts.,Problem
Upgrade my current modem to the newest Wi-Fi 6 model to improve coverage.,upgrade my current modem to the newest wi fi 6 model to improve coverage.,Request
How long is the typical waiting list for a technician visit in the West Jakarta region?,how long is the typical waiting list for a technician visit in the west jakarta region?,Information
I am having trouble with the scroll bar on the web portal.,i am having trouble with the scroll bar on the web portal.,Problem
Kindly provide me with a physical copy of my signed contract for legal purposes.,kindly provide me with a physical copy of my signed contract for legal purposes.,Request
Does the set-top box provided with the TV package support 4K resolution streaming?,does the set top box provided with the tv package support 4k resolution streaming?,Information
I am unable to submit feedback through the portal.,i am unable to submit feedback through the portal.,Problem
Switch my billing to the annual plan to get the discount.,switch my billing to the annual plan to get the discount.,Request
Replace the snapped fiber connector as soon as a technician is available.,replace the snapped fiber connector as soon as a technician is available.,Request
How long does it take to activate a new add-on?,how long does it take to activate a new add on?,Information
I am unable to find the search bar on the website.,i am unable to find the search bar on the website.,Information
Adjust the MTU settings on my modem to improve gaming stability.,adjust the mtu settings on my modem to improve gaming stability.,Request
I am unable to complete the checkout process on the website.,i am unable to complete the checkout process on the website.,Problem
I want to know the physical address of your main office for document submission purposes.,i want to know the physical address of your main office for document submission purposes.,Information
i am not receiving the OTP code when trying to login to the latest app,i am not receiving the otp code when trying to login to the latest app,Problem
Calibrate the fiber signal strength in my basement for better stability.,calibrate the fiber signal strength in my basement for better stability.,Request
I am having trouble with the captcha on the registration page.,i am having trouble with the captcha on the registration page.,Problem
"Apply the ""New Year"" promo code to my account before the next billing cycle.",apply the new year promo code to my account before the next billing cycle.,Request
Is it possible to have the router installed in a basement with thick concrete walls?,is it possible to have the router installed in a basement with thick concrete walls?,Information
What are the security protocols used for the provider's public Wi-Fi hotspots?,what are the security protocols used for the provider's public wi fi hotspots?,Information
Please disable the USB port access on my modem remotely,please disable the usb port access on my modem remotely,Request
Check the stability of the fiber pole located near my front gate.,check the stability of the fiber pole located near my front gate.,Request
I am having trouble with the side bar on the web portal.,i am having trouble with the side bar on the web portal.,Problem
I am unable to receive any newsletters from your company.,i am unable to receive any newsletters from your company.,Problem
I've been trying to pay via the app for an hour but it keeps crashing.,i've been trying to pay via the app for an hour but it keeps crashing.,Problem
I need clarification on whether the advertised price includes the 11% Value Added Tax.,i need clarification on whether the advertised price includes the 11 value added tax.,Information
Kindly send a digital copy of my original contract to my account,kindly send a digital copy of my original contract to my account,Request
I am having trouble with the filters on the search page.,i am having trouble with the filters on the search page.,Problem
I am having trouble with the product rating feature.,i am having trouble with the product rating feature.,Problem
I am unable to download my profile information.,i am unable to download my profile information.,Request
I am having trouble with the account recovery process.,i am having trouble with the account recovery process.,Problem
Assign a different technician for my next visit as the previous one was unprofessional.,assign a different technician for my next visit as the previous one was unprofessional.,Request
Is it possible to move my router to the bedroom?,is it possible to move my router to the bedroom?,Information
Upgrade my current subscription to the Gamer’s Package starting next billing cycle.,upgrade my current subscription to the gamer s package starting next billing cycle.,Request
My Wi-Fi signal keeps disappearing whenever I move to the dining room.,my wi fi signal keeps disappearing whenever i move to the dining room.,Problem
What is my customer ID number for paying at a convenience store?,what is my customer id number for paying at a convenience store?,Information
Can a technician come over after 5 PM today?,can a technician come over after 5 pm today?,Request
Register an additional internet line for my home office using the same account n...,register an additional internet line for my home office using the same account n...,Request
I am unable to access the help documentation on the website.,i am unable to access the help documentation on the website.,Problem
I am unable to receive an email for account verification.,i am unable to receive an email for account verification.,Problem
Enable the guest network feature on my router with a dedicated speed limit.,enable the guest network feature on my router with a dedicated speed limit.,Request
I am having trouble with the chat history search feature.,i am having trouble with the chat history search feature.,Problem
I'd like to report a change of address for my service,i'd like to report a change of address for my service,Request
Enroll my line in the 'Night Owl' unlimited data promotion.,enroll my line in the 'night owl' unlimited data promotion.,Request
Is it true that I can get a refund for the outage?,is it true that i can get a refund for the outage?,Information
i need you to increase my data limit for this month,i need you to increase my data limit for this month,Request
I am unable to change my email address associated with the account.,i am unable to change my email address associated with the account.,Problem
Are the international roaming packages managed separately from the home fiber account?,are the international roaming packages managed separately from the home fiber account?,Information
I am having trouble with the keyboard shortcut configuration.,i am having trouble with the keyboard shortcut configuration.,Problem
How can I find out the results of the network survey for my new housing complex?,how can i find out the results of the network survey for my new housing complex?,Information
Provide a hard copy of the latest Terms and Conditions agreement.,provide a hard copy of the latest terms and conditions agreement.,Request
I am having trouble with the character limit on the support form.,i am having trouble with the character limit on the support form.,Problem
Can the admin password for the router be customized via the mobile application?,can the admin password for the router be customized via the mobile application?,Information
The Wi-Fi signal is unable to penetrate even a single wall in my house.,the wi fi signal is unable to penetrate even a single wall in my house.,Problem
Can I change my Wi-Fi password through the mobile app?,can i change my wi fi password through the mobile app?,Information
Provide a formal VAT receipt for my last three monthly payments.,provide a formal vat receipt for my last three monthly payments.,Request
Please send a receipt for my last payment via WhatsApp,please send a receipt for my last payment via whatsapp,Request
I want to register a new email address for billing notifications,i want to register a new email address for billing notifications,Request
How do I differentiate between a scheduled maintenance and a sudden fiber optic cable cut?,how do i differentiate between a scheduled maintenance and a sudden fiber optic cable cut?,Information
Move my technician appointment from Monday to Thursday afternoon.,move my technician appointment from monday to thursday afternoon.,Request
Mount the router on the wall to improve the overall signal range.,mount the router on the wall to improve the overall signal range.,Request
Can I see a detailed report of my daily data usage?,can i see a detailed report of my daily data usage?,Information
There is a physical break in the fiber cable caused by a fallen tree branch.,there is a physical break in the fiber cable caused by a fallen tree branch.,Problem
i want to cancel my subscription effective next month,i want to cancel my subscription effective next month,Request
I am unable to access the training videos on the website.,i am unable to access the training videos on the website.,Problem
I am curious if your service offers any built-in antivirus protection at the ISP level.,i am curious if your service offers any built in antivirus protection at the isp level.,Information
i'm still being billed after i already cancelled my subscription,i'm still being billed after i already cancelled my subscription,Problem
Activate the 5G boost for my home connection right now.,activate the 5g boost for my home connection right now.,Request
I am having trouble with the file compression feature on the portal.,i am having trouble with the file compression feature on the portal.,Problem
Add the static IP feature to my current plan and bill it to the same credit card.,add the static ip feature to my current plan and bill it to the same credit card.,Request
I need to move my installation to a different room,i need to move my installation to a different room,Request
Replace my broken TV remote and bill it to my account.,replace my broken tv remote and bill it to my account.,Request
Please waive the late payment fee due to the system error,please waive the late payment fee due to the system error,Request
I am unable to access the training materials on the website.,i am unable to access the training materials on the website.,Problem
What are the consequences if I lose the original remote control for the TV box?,what are the consequences if i lose the original remote control for the tv box?,Information
I want to add an extra set-top box for the bedroom TV,i want to add an extra set top box for the bedroom tv,Request
Please have a team fix the sagging fiber cables near my driveway entrance.,please have a team fix the sagging fiber cables near my driveway entrance.,Request
Does the network infrastructure utilize CGNAT or are individual public IPs assigned?,does the network infrastructure utilize cgnat or are individual public ips assigned?,Information
Can you install new connection?,can you install new connection?,Request
Reset my data usage counter as it was consumed by a system update.,reset my data usage counter as it was consumed by a system update.,Request
What is the process for terminating my subscription?,what is the process for terminating my subscription?,Information
Book an installation slot for my new house next Monday.,book an installation slot for my new house next monday.,Request
I would like to know which brands of routers are compatible with your fiber optic terminal.,i would like to know which brands of routers are compatible with your fiber optic terminal.,Information
Why is my Netflix buffering constantly even though I'm on a high-speed plan?,why is my netflix buffering constantly even though i'm on a high speed plan?,Problem
Kindly remove the cable TV add-on service from my current package,kindly remove the cable tv add on service from my current package,Request
Could you tell me the deadline for paying the monthly invoice before the service gets automatically restricted?,could you tell me the deadline for paying the monthly invoice before the service gets automatically restricted?,Information
What kind of encryption does your default Wi-Fi configuration use for home networks?,what kind of encryption does your default wi fi configuration use for home networks?,Information
Whitelist these specific MAC addresses for my new home security cameras.,whitelist these specific mac addresses for my new home security cameras.,Request
Can you explain the process of how I will be notified if my data usage reaches 90%?,can you explain the process of how i will be notified if my data usage reaches 90 ?,Information
Would it be possible to terminate my current subscription by the end of this mon...,would it be possible to terminate my current subscription by the end of this mon...,Request
I am having trouble setting up my account.,i am having trouble setting up my account.,Problem
the LOS indicator on my modem has been blinking red since this morning,the los indicator on my modem has been blinking red since this morning,Problem
Is the fiber optic cable used in this district fire-resistant or heat-protected?,is the fiber optic cable used in this district fire resistant or heat protected?,Information
I need to relocate the fiber wall socket in my living room,i need to relocate the fiber wall socket in my living room,Request
I am having trouble with the search filters on the web portal.,i am having trouble with the search filters on the web portal.,Problem
What is the policy regarding the return of equipment after the subscription ends?,what is the policy regarding the return of equipment after the subscription ends?,Information
Is the hardware provided by your service compatible with WPA3 security encryption?,is the hardware provided by your service compatible with wpa3 security encryption?,Information
What happens to my remaining data quota if I decide to upgrade my plan mid-month?,what happens to my remaining data quota if i decide to upgrade my plan mid month?,Information
Please dispatch a technician to check the faulty power adapter,please dispatch a technician to check the faulty power adapter,Request
I would like to switch my payment method to credit card,i would like to switch my payment method to credit card,Request
Are the set-top boxes compatible with third-party streaming apps like Netflix or Disney+?,are the set top boxes compatible with third party streaming apps like netflix or disney ?,Information
I am having trouble with the community forum on the website.,i am having trouble with the community forum on the website.,Problem
"I can't access any international websites, though local sites are working fine.","i can't access any international websites, though local sites are working fine.",Problem
what is the discount package this month?,what is the discount package this month?,Information
Elevate my support ticket to priority status for my business account.,elevate my support ticket to priority status for my business account.,Request
Please activate the international roaming feature for my mobile account.,please activate the international roaming feature for my mobile account.,Request
What are the specific requirements for upgrading to a business-grade connection?,what are the specific requirements for upgrading to a business grade connection?,Information
Are there any documented compatibility issues between your latest modem and older MacBook models?,are there any documented compatibility issues between your latest modem and older macbook models?,Information
My data quota didn't reset on the 1st of the month as it was supposed to.,my data quota didn't reset on the 1st of the month as it was supposed to.,Problem
the newly installed range extender cannot synchronize with the main router,the newly installed range extender cannot synchronize with the main router,Problem
I am having trouble with the UI design of the web portal.,i am having trouble with the ui design of the web portal.,Problem
How much is the installation fee for a new connection in a residential area?,how much is the installation fee for a new connection in a residential area?,Information
Is it possible to upgrade my plan just for one month for a specific event?,is it possible to upgrade my plan just for one month for a specific event?,Information
I am unable to access the webinar section on the website.,i am unable to access the webinar section on the website.,Problem
Switch my router to bridge mode remotely so I can use my own mesh system.,switch my router to bridge mode remotely so i can use my own mesh system.,Request
I am unable to connect my social media accounts to the portal.,i am unable to connect my social media accounts to the portal.,Problem
I need to change the ownership name of this account,i need to change the ownership name of this account,Request
I need to know the official bank account numbers for wire transfers.,i need to know the official bank account numbers for wire transfers.,Information
Please provide a certificate of subscription for office reimbursement,please provide a certificate of subscription for office reimbursement,Request
Are there any installation slots open for next Monday?,are there any installation slots open for next monday?,Information
Change my primary contact email address to my Gmail account instead.,change my primary contact email address to my gmail account instead.,Request
I am unable to read the privacy policy on the website.,i am unable to read the privacy policy on the website.,Information
Migrate my connection from the old copper line to the fiber optic network.,migrate my connection from the old copper line to the fiber optic network.,Request
I am unable to play the tutorial videos on the website.,i am unable to play the tutorial videos on the website.,Problem
Register my secondary phone number for the emergency SMS alert system.,register my secondary phone number for the emergency sms alert system.,Request
I am unable to see the available balance in my account.,i am unable to see the available balance in my account.,Information
Please enable the guest network on my router remotely,please enable the guest network on my router remotely,Request
Is there a limitation on how many times I can change my Wi-Fi password in a month?,is there a limitation on how many times i can change my wi fi password in a month?,Information
Swap my standard TV box for the newer 4K-enabled hardware.,swap my standard tv box for the newer 4k enabled hardware.,Request
What is the minimum guaranteed speed for the 100mbps package during peak hours?,what is the minimum guaranteed speed for the 100mbps package during peak hours?,Information
Please add the premium movie channel bundle to my account,please add the premium movie channel bundle to my account,Request
What happens to the existing equipment if a subscriber moves to an uncovered area?,what happens to the existing equipment if a subscriber moves to an uncovered area?,Information
I am having trouble with the video player on the website.,i am having trouble with the video player on the website.,Problem
The website is not displaying any images or graphics for me.,the website is not displaying any images or graphics for me.,Problem
I am unable to navigate between pages on the website.,i am unable to navigate between pages on the website.,Problem
What is the procedure to cancel subscription?,what is the procedure to cancel subscription?,Information
I would like to upgrade my Wi-Fi to the new Wi-Fi 6 standard equipment.,i would like to upgrade my wi fi to the new wi fi 6 standard equipment.,Request
Is there a monthly fee for the modem rental?,is there a monthly fee for the modem rental?,Information
I am unable to switch between tabs on the website.,i am unable to switch between tabs on the website.,Problem
how to check invoice?,how to check invoice?,Information
I am trying to find out if there are any ongoing promotions for existing customers who want to renew.,i am trying to find out if there are any ongoing promotions for existing customers who want to renew.,Information
Can you help me configure the parental control settings?,can you help me configure the parental control settings?,Request
Please deactivate the premium movie channel add-on from my account effective today.,please deactivate the premium movie channel add on from my account effective today.,Request
i can't access certain websites but others work fine,i can't access certain websites but others work fine,Problem
Ship three units of Wi-Fi mesh extenders to my home address as soon as possible.,ship three units of wi fi mesh extenders to my home address as soon as possible.,Request
What documents are needed to change the account owner?,what documents are needed to change the account owner?,Information
I am unable to view the terms and conditions on the website.,i am unable to view the terms and conditions on the website.,Information
Are the signal boosters provided in the premium package rented or owned by the customer?,are the signal boosters provided in the premium package rented or owned by the customer?,Information
I am unable to change the theme of the mobile app.,i am unable to change the theme of the mobile app.,Problem
Please enable adult content filtering on my network,please enable adult content filtering on my network,Request
Correct my personal records to reflect the new identity card information.,correct my personal records to reflect the new identity card information.,Request
Modify my Wi-Fi name and password to the details I’ve attached in this message.,modify my wi fi name and password to the details i ve attached in this message.,Request
Is there a fee for relocating the fiber optic cable?,is there a fee for relocating the fiber optic cable?,Information
Can you send the monthly invoice to my alternative email?,can you send the monthly invoice to my alternative email?,Request
I am unable to access the news archive on the website.,i am unable to access the news archive on the website.,Problem
I am unable to see my purchase history on the account page.,i am unable to see my purchase history on the account page.,Problem
Send a Wi-Fi expert to optimize the signal coverage in my home.,send a wi fi expert to optimize the signal coverage in my home.,Request
Does the fiber optic technology used in this area support symmetrical speeds?,does the fiber optic technology used in this area support symmetrical speeds?,Information
"Every time it rains, my connection drops and I have to restart the ONT.","every time it rains, my connection drops and i have to restart the ont.",Problem
The activation of my new line has been pending for over a week now.,the activation of my new line has been pending for over a week now.,Problem
"Please enable the ""Guest Network"" feature on my gateway remotely.",please enable the guest network feature on my gateway remotely.,Request
Please reactivate my isolated service.,please reactivate my isolated service.,Request
I am having trouble with the auto-fill feature on the checkout page.,i am having trouble with the auto fill feature on the checkout page.,Problem
Change the Wi-Fi frequency broadcast from 2.4GHz to 5GHz.,change the wi fi frequency broadcast from 2.4ghz to 5ghz.,Request
Is it possible to bridge my modem for a mesh system?,is it possible to bridge my modem for a mesh system?,Information
Please enroll my account in the monthly paperless billing program.,please enroll my account in the monthly paperless billing program.,Request
The download speed does not match the package I bought.,the download speed does not match the package i bought.,Problem
I am unable to upgrade my subscription plan.,i am unable to upgrade my subscription plan.,Request
Is it possible to hide my SSID so neighbors cannot see my Wi-Fi name?,is it possible to hide my ssid so neighbors cannot see my wi fi name?,Information
I need to know if your technicians are required to show a digital ID before entering a residence.,i need to know if your technicians are required to show a digital id before entering a residence.,Information
Please process a temporary suspension of service as I am going out of town.,please process a temporary suspension of service as i am going out of town.,Request
I am unable to access the knowledge base on the website.,i am unable to access the knowledge base on the website.,Information
Info regarding the FUP limit for the package I am using.,info regarding the fup limit for the package i am using.,Information
I am unable to receive SMS alerts for account activity.,i am unable to receive sms alerts for account activity.,Problem
Redeem my loyalty points for a temporary one-month speed boost.,redeem my loyalty points for a temporary one month speed boost.,Request
Assign a technician to help with the STB installation in my guest bedroom.,assign a technician to help with the stb installation in my guest bedroom.,Request
What are the tax implications if I switch from a personal to a professional business account?,what are the tax implications if i switch from a personal to a professional business account?,Information
Can I still use the landline phone if the electricity in my house goes out?,can i still use the landline phone if the electricity in my house goes out?,Information
I am unable to access the live chat representative.,i am unable to access the live chat representative.,Problem
Provide a backup modem unit for my work-from-home setup.,provide a backup modem unit for my work from home setup.,Request
the parental control feature on the website is not working to block specific sites,the parental control feature on the website is not working to block specific sites,Problem
the USB port on the modem cannot read my external hard drive,the usb port on the modem cannot read my external hard drive,Problem
I am having trouble with the user forum on the website.,i am having trouble with the user forum on the website.,Problem
I am having trouble with the SMS verification code.,i am having trouble with the sms verification code.,Problem
How is the prorated billing calculated for users who sign up in the final week of the month?,how is the prorated billing calculated for users who sign up in the final week of the month?,Information
I am unable to receive a confirmation email for my registration.,i am unable to receive a confirmation email for my registration.,Problem
I am unable to get a response from your support team.,i am unable to get a response from your support team.,Problem
Do you provide Wi-Fi extenders for large houses?,do you provide wi fi extenders for large houses?,Information
I keep getting 'IP Address Conflict' errors on all my connected devices.,i keep getting 'ip address conflict' errors on all my connected devices.,Problem
The TV box shows a 'No Signal' error on every channel I try to watch.,the tv box shows a 'no signal' error on every channel i try to watch.,Problem
Process a refund for the seven days when the service was completely offline.,process a refund for the seven days when the service was completely offline.,Request
I am unable to verify my email address.,i am unable to verify my email address.,Problem
my bill this month spiked because of add-on charges i never purchased,my bill this month spiked because of add on charges i never purchased,Problem
Can I request a speed test from the central server to verify my line's physical health?,can i request a speed test from the central server to verify my line's physical health?,Information
Please help integrate my router with my smart home devices,please help integrate my router with my smart home devices,Request
Kindly re-verify my emergency contact number in your system,kindly re verify my emergency contact number in your system,Request
I am unable to receive a notification for a new message.,i am unable to receive a notification for a new message.,Problem
Can I check the signal strength of my ONT remotely through the provider's dashboard?,can i check the signal strength of my ont remotely through the provider's dashboard?,Information
I am having trouble accessing some features of the website.,i am having trouble accessing some features of the website.,Problem
Is it possible to change the billing date from the 1st to the 15th of each month?,is it possible to change the billing date from the 1st to the 15th of each month?,Information
Is it possible to get a physical receipt for payments made through the Shopee application?,is it possible to get a physical receipt for payments made through the shopee application?,Information
I am unable to navigate the web portal effectively.,i am unable to navigate the web portal effectively.,Problem
Please send the tax invoice for my internet subscription,please send the tax invoice for my internet subscription,Request
I'd like to sign up for the static IP service for my home server setup.,i'd like to sign up for the static ip service for my home server setup.,Request
"The DNS server is not responding, preventing me from browsing any sites.","the dns server is not responding, preventing me from browsing any sites.",Problem
What is the average response time for a priority support ticket for business-grade accounts?,what is the average response time for a priority support ticket for business grade accounts?,Information
Whitelist this MAC address: AA:BB:CC:11:22:33 for my PC.,whitelist this mac address aa bb cc 11 22 33 for my pc.,Request
What documents are required for a package migration?,what documents are required for a package migration?,Information
i cannot change my SSID name and it always shows a Request Timeout error,i cannot change my ssid name and it always shows a request timeout error,Problem
Email me a detailed report of my data usage for last month.,email me a detailed report of my data usage for last month.,Request
the browser shows DNS Probe Finished No Internet on all my devices,the browser shows dns probe finished no internet on all my devices,Problem
I’ve noticed a physical crack on the fiber optic cable near my front door.,i ve noticed a physical crack on the fiber optic cable near my front door.,Problem
Could you help me set up a VLAN on the provided router for my office work?,could you help me set up a vlan on the provided router for my office work?,Request
I was charged for a premium channel that I never requested or activated.,i was charged for a premium channel that i never requested or activated.,Problem
I want to change my billing cycle from monthly to annually,i want to change my billing cycle from monthly to annually,Request
How do I check my data usage?,how do i check my data usage?,Information
Is there a dedicated portal for tracking the status of an ongoing technical ticket?,is there a dedicated portal for tracking the status of an ongoing technical ticket?,Information
Configure the DMZ settings on my gateway so I can host a gaming server.,configure the dmz settings on my gateway so i can host a gaming server.,Request
is there an option to pause my subscription temporarily,is there an option to pause my subscription temporarily,Information
Is there an additional fee if I want to add another TV decoder?,is there an additional fee if i want to add another tv decoder?,Information
Are the terms of service available in multiple languages for international residents?,are the terms of service available in multiple languages for international residents?,Information
I am unable to see the current balance in my wallet.,i am unable to see the current balance in my wallet.,Information
There is a strange buzzing sound coming from the power adapter whenever it's plugged in.,there is a strange buzzing sound coming from the power adapter whenever it's plugged in.,Problem
I am unable to access the user forum on the website.,i am unable to access the user forum on the website.,Problem
How can I find out if my current router hardware is already outdated for the new 300mbps speed?,how can i find out if my current router hardware is already outdated for the new 300mbps speed?,Information
My router settings keep reverting to factory defaults after every power cut.,my router settings keep reverting to factory defaults after every power cut.,Problem
"my upload speed is terrible, videos won't upload at all","my upload speed is terrible, videos won't upload at all",Problem
can you remove the extra charges on my latest invoice,can you remove the extra charges on my latest invoice,Request
I would like to claim compensation for yesterday's service outage,i would like to claim compensation for yesterday's service outage,Request
Please schedule a site survey for a new installation.,please schedule a site survey for a new installation.,Request
I am having trouble with the file download feature on the portal.,i am having trouble with the file download feature on the portal.,Problem
Modem keeps disconnecting,modem keeps disconnecting,Problem
Add a 50GB data pack to my line for today's high-usage needs.,add a 50gb data pack to my line for today's high usage needs.,Request
Is the installation fee waived if I choose to pay for the first six months upfront?,is the installation fee waived if i choose to pay for the first six months upfront?,Information
I am having trouble with the terms and conditions page on the mobile app.,i am having trouble with the terms and conditions page on the mobile app.,Information
What are the steps to set up a bridge mode on the provided router?,what are the steps to set up a bridge mode on the provided router?,Information
"My device shows ""Connected, No Internet"" despite multiple restarts today.","my device shows connected, no internet despite multiple restarts today.",Problem
My bill this month is double the usual amount without any explanation.,my bill this month is double the usual amount without any explanation.,Problem
Is it possible to change the primary billing email without having the old email access?,is it possible to change the primary billing email without having the old email access?,Information
Are the Wi-Fi extenders rented or are they a one-time purchase?,are the wi fi extenders rented or are they a one time purchase?,Information
I am unable to navigate between different pages on the website.,i am unable to navigate between different pages on the website.,Problem
How often are the public Wi-Fi hotspots updated for users with the mobile add-on?,how often are the public wi fi hotspots updated for users with the mobile add on?,Information
I am unable to see the user reviews for the product on the website.,i am unable to see the user reviews for the product on the website.,Information
Please pause my subscription for two weeks while I'm away,please pause my subscription for two weeks while i'm away,Request
I need assistance configuring port forwarding on my router,i need assistance configuring port forwarding on my router,Request
Please pause my subscription for 60 days while I am working overseas.,please pause my subscription for 60 days while i am working overseas.,Request
Pause my subscription for 30 days while I am on vacation.,pause my subscription for 30 days while i am on vacation.,Request
I am looking for information on how to read the LED indicator patterns on the front of my modem.,i am looking for information on how to read the led indicator patterns on the front of my modem.,Information
Please verify if my payment has been received and update my status.,please verify if my payment has been received and update my status.,Request
How can I update my primary contact phone number in your database?,how can i update my primary contact phone number in your database?,Information
Activate the 'Static IP' add-on for my remote work VPN requirements.,activate the 'static ip' add on for my remote work vpn requirements.,Request
I have a suggestion for improving the user interface of the mobile app.,i have a suggestion for improving the user interface of the mobile app.,Information
Please whitelist my new gaming console's MAC address on your network.,please whitelist my new gaming console's mac address on your network.,Request
what happens if i exceed my monthly data limit,what happens if i exceed my monthly data limit,Information
the mobile app shows my status as active but i cannot connect at all,the mobile app shows my status as active but i cannot connect at all,Problem
I am unable to access the help center on the website.,i am unable to access the help center on the website.,Problem
I am unable to recover my account after several attempts.,i am unable to recover my account after several attempts.,Problem
Bridge my ISP modem so I can use my own custom ASUS router.,bridge my isp modem so i can use my own custom asus router.,Request
Does the current weather condition usually affect the stability of the fiber connection in this region?,does the current weather condition usually affect the stability of the fiber connection in this region?,Information
I am unable to access the blog section on the website.,i am unable to access the blog section on the website.,Problem
My bill is higher than expected,my bill is higher than expected,Problem
i can't connect to wifi even though the password is correct,i can't connect to wifi even though the password is correct,Problem
Activate the 'Catch-Up' feature for my current Set-Top Box immediately.,activate the 'catch up' feature for my current set top box immediately.,Request
I am having trouble with the extension integration on the portal.,i am having trouble with the extension integration on the portal.,Problem
I want to register a second line for my home office,i want to register a second line for my home office,Request
Is there a way to block certain MAC addresses from the router without changing the password?,is there a way to block certain mac addresses from the router without changing the password?,Information
Please send me the brochure for the internet and cable TV packages.,please send me the brochure for the internet and cable tv packages.,Information
i am being accused of violating the FUP even though my usage this month is very low,i am being accused of violating the fup even though my usage this month is very low,Problem
I am unable to receive a verification link on my phone.,i am unable to receive a verification link on my phone.,Problem
Issue an official letter for a drilling permit at my apartment building.,issue an official letter for a drilling permit at my apartment building.,Request
Activate the 'Gamer Pro' add-on for my account immediately.,activate the 'gamer pro' add on for my account immediately.,Request
Could you provide the details of the nearest authorized payment point in my neighborhood?,could you provide the details of the nearest authorized payment point in my neighborhood?,Information
I am having trouble with the feedback submission on the portal.,i am having trouble with the feedback submission on the portal.,Problem
Upgrade my speed to the 100mbps plan starting today.,upgrade my speed to the 100mbps plan starting today.,Request
Provide a longer fiber drop cable for my customized indoor setup.,provide a longer fiber drop cable for my customized indoor setup.,Request
Can you check if my area is eligible for the 1Gbps speed boost?,can you check if my area is eligible for the 1gbps speed boost?,Request
the LAN cable connection is intermittent even though i replaced the cable,the lan cable connection is intermittent even though i replaced the cable,Problem
Activate the 'Ultra HD' streaming add-on for my account.,activate the 'ultra hd' streaming add on for my account.,Request
What is the exact procedure for transferring account ownership to a family member?,what is the exact procedure for transferring account ownership to a family member?,Information
Please help synchronize my range extender for a stable signal,please help synchronize my range extender for a stable signal,Request
can you schedule a cable burial for the wire outside my house,can you schedule a cable burial for the wire outside my house,Request
Swap my current ONT for one that has more than two LAN ports.,swap my current ont for one that has more than two lan ports.,Request
Enable 'Safe Browsing' for every device connected to my Wi-Fi.,enable 'safe browsing' for every device connected to my wi fi.,Request
Please reactivate my account after payment,please reactivate my account after payment,Request
Can I get the same technician who handled my previous visit?,can i get the same technician who handled my previous visit?,Request
What documentation is needed for a change of account ownership?,what documentation is needed for a change of account ownership?,Information
an IP Configuration Failure message appears every time i try to connect my phone,an ip configuration failure message appears every time i try to connect my phone,Problem
Can you help me set up a mesh Wi-Fi system?,can you help me set up a mesh wi fi system?,Request
What is the procedure to change my payment method to a credit card?,what is the procedure to change my payment method to a credit card?,Information
Bind my laptop's MAC address for enhanced network-level security.,bind my laptop's mac address for enhanced network level security.,Request
can you reset my modem remotely?,can you reset my modem remotely?,Request
Please create separate user profiles for the parental control feature,please create separate user profiles for the parental control feature,Request
I am unable to receive a confirmation message for my account registration.,i am unable to receive a confirmation message for my account registration.,Problem
The mobile app is not compatible with my device's operating system.,the mobile app is not compatible with my device's operating system.,Problem
The technician who came today left without actually fixing the issue.,the technician who came today left without actually fixing the issue.,Problem
I am unable to see the estimated time of arrival for my delivery.,i am unable to see the estimated time of arrival for my delivery.,Information
The QR code for payment on the invoice is invalid and cannot be scanned.,the qr code for payment on the invoice is invalid and cannot be scanned.,Problem
I want to cancel my plan right now.,i want to cancel my plan right now.,Request
Can I request a static public IP address for office use?,can i request a static public ip address for office use?,Request
Please assist with installing an additional router on the second floor,please assist with installing an additional router on the second floor,Request
I am unable to view the privacy policy on the website.,i am unable to view the privacy policy on the website.,Information
Bridge my modem now so I can set up my Google Nest.,bridge my modem now so i can set up my google nest.,Request
Assign a static IP to my account for my VPN setup.,assign a static ip to my account for my vpn setup.,Request
I am having trouble with the navigation menu on the web portal.,i am having trouble with the navigation menu on the web portal.,Problem
i was charged twice for the same billing period,i was charged twice for the same billing period,Problem
Mail a physical copy of my service agreement to my registered office address.,mail a physical copy of my service agreement to my registered office address.,Request
Fix the messy cable casing inside my living room as soon as possible.,fix the messy cable casing inside my living room as soon as possible.,Request
Could you reset the PPPoE credentials and forward the new ones to my phone?,could you reset the pppoe credentials and forward the new ones to my phone?,Request
Change the installation location of the modem within my apartment.,change the installation location of the modem within my apartment.,Request
my account status is shown as Isolated even though i always pay on time,my account status is shown as isolated even though i always pay on time,Problem
i've been without internet for 3 days now and nobody has fixed it yet,i've been without internet for 3 days now and nobody has fixed it yet,Problem
The fiber optic socket on my wall has come loose and the wire is exposed.,the fiber optic socket on my wall has come loose and the wire is exposed.,Problem
Inspect the outdoor junction box for any possible signal interference.,inspect the outdoor junction box for any possible signal interference.,Request
"i want to relocate my house, send me a technician quickly as posible","i want to relocate my house, send me a technician quickly as posible",Request
Is it possible to use the TV box without an internet connection for local channels?,is it possible to use the tv box without an internet connection for local channels?,Information
I'm looking for details on how the billing cycle is calculated if I join in the middle of the month.,i'm looking for details on how the billing cycle is calculated if i join in the middle of the month.,Information
Can you explain the technical requirements for setting up a bridge mode on the provided ONT?,can you explain the technical requirements for setting up a bridge mode on the provided ont?,Information
What is the standard compensation policy for a service outage lasting more than 24 hours?,what is the standard compensation policy for a service outage lasting more than 24 hours?,Information
Is there a list of available cable TV channels for the Basic plan?,is there a list of available cable tv channels for the basic plan?,Information
What are the promos for loyal customers this month?,what are the promos for loyal customers this month?,Information
I am unable to redeem my loyalty points for discounts.,i am unable to redeem my loyalty points for discounts.,Problem
Can I find out the technician's name before they arrive at my house for safety?,can i find out the technician's name before they arrive at my house for safety?,Information
What is the procedure for a temporary service suspension?,what is the procedure for a temporary service suspension?,Information
i paid my bill but my service is still suspended,i paid my bill but my service is still suspended,Problem
I am unable to receive any promotional deals via email.,i am unable to receive any promotional deals via email.,Problem
my data usage is showing incorrect numbers in the app,my data usage is showing incorrect numbers in the app,Problem
Why is there no news about my new installation request?,why is there no news about my new installation request?,Problem
Please send the last three months of payment receipts in a single PDF.,please send the last three months of payment receipts in a single pdf.,Request
the fiber cable outside my house appears to be damaged,the fiber cable outside my house appears to be damaged,Problem
I am unable to see the product ratings on the website.,i am unable to see the product ratings on the website.,Information
How can you help me fix this issue?,how can you help me fix this issue?,Information
Please downgrade my current plan to the basic package,please downgrade my current plan to the basic package,Request
Inspect the outdoor distribution box for any physical damage.,inspect the outdoor distribution box for any physical damage.,Request
I am having trouble with the verification link on my phone.,i am having trouble with the verification link on my phone.,Problem
I want to terminate my subscription by the end of this month.,i want to terminate my subscription by the end of this month.,Request
Is it possible to add a second phone line to my existing fiber optic subscription?,is it possible to add a second phone line to my existing fiber optic subscription?,Information
I am unable to print invoices from the portal.,i am unable to print invoices from the portal.,Problem
The payment was deducted from my bank account but the transaction shows failed.,the payment was deducted from my bank account but the transaction shows failed.,Problem
the app keeps crashing when i try to check my usage,the app keeps crashing when i try to check my usage,Problem
I am having trouble with the page navigation on the website.,i am having trouble with the page navigation on the website.,Problem
I am unable to receive any marketing emails.,i am unable to receive any marketing emails.,Problem
I’d like to request a loyalty discount for my contract renewal,i d like to request a loyalty discount for my contract renewal,Request
I am having trouble with the delivery estimation feature.,i am having trouble with the delivery estimation feature.,Problem
I can only connect one device to the Wi-Fi; others are getting IP errors.,i can only connect one device to the wi fi others are getting ip errors.,Problem
I am unable to receive an OTP for verifying my phone number.,i am unable to receive an otp for verifying my phone number.,Problem
"I feel cheated, the promised promo was not applied.","i feel cheated, the promised promo was not applied.",Problem
I am unable to access my office VPN using your internet connection.,i am unable to access my office vpn using your internet connection.,Problem
How can I verify if my payment was successful through the mobile app?,how can i verify if my payment was successful through the mobile app?,Information
Can you send a new power adapter for my modem as the current one is overheating?,can you send a new power adapter for my modem as the current one is overheating?,Request
The remote control for the TV box is not responding to any button presses.,the remote control for the tv box is not responding to any button presses.,Problem
Remove the abandoned wiring from the previous service provider.,remove the abandoned wiring from the previous service provider.,Request
What are the operating hours for your walk-in customer service centers during the weekend?,what are the operating hours for your walk in customer service centers during the weekend?,Information
What should I do if modem not working?,what should i do if modem not working?,Information
Help me configure the parental control settings to block social media after 9 PM.,help me configure the parental control settings to block social media after 9 pm.,Request
I am unable to receive a confirmation for my subscription.,i am unable to receive a confirmation for my subscription.,Problem
"My upload speed is very low, far below the standard.","my upload speed is very low, far below the standard.",Problem
the service has been down since the storm yesterday,the service has been down since the storm yesterday,Problem
Schedule the technician for tomorrow morning before 10 AM.,schedule the technician for tomorrow morning before 10 am.,Request
Transfer the ownership of this account to my spouse's legal name.,transfer the ownership of this account to my spouse's legal name.,Request
Dispatch a team to fix the hanging cables in front of my house before they snap.,dispatch a team to fix the hanging cables in front of my house before they snap.,Request
I am unable to access the premium features despite having a subscription.,i am unable to access the premium features despite having a subscription.,Problem
please reschedule the technician visit to friday afternoon,please reschedule the technician visit to friday afternoon,Request
Could you please dispatch a technician to my apartment this Saturday before noon?,could you please dispatch a technician to my apartment this saturday before noon?,Request
Adjust my billing cycle from the 1st to the 15th of each month.,adjust my billing cycle from the 1st to the 15th of each month.,Request
the audio on the cable TV channels is distorted and the picture keeps freezing,the audio on the cable tv channels is distorted and the picture keeps freezing,Problem
Please send me the latest promotional offers for loyal customers,please send me the latest promotional offers for loyal customers,Request
The payment I made through the app is not reflecting in my account status.,the payment i made through the app is not reflecting in my account status.,Problem
Reactivate my internet service now that the outstanding balance is fully settled...,reactivate my internet service now that the outstanding balance is fully settled...,Request
I am unable to access the news section on the website.,i am unable to access the news section on the website.,Problem
i accidentally paid twice for the same invoice how do i fix this,i accidentally paid twice for the same invoice how do i fix this,Problem
How many devices can be connected to the standard gateway before performance drops?,how many devices can be connected to the standard gateway before performance drops?,Information
I want to ask if this router supports dual-band frequency.,i want to ask if this router supports dual band frequency.,Information
Does your company provide parental control features at the network level?,does your company provide parental control features at the network level?,Information
Please confirm the cancellation of my add-on services,please confirm the cancellation of my add on services,Request
Kindly reactivate my service that was recently suspended,kindly reactivate my service that was recently suspended,Request
What security measures are in place to prevent DNS hijacking on your network?,what security measures are in place to prevent dns hijacking on your network?,Information
"Please change my Wi-Fi password to ""Jakarta2024""",please change my wi fi password to jakarta2024,Request
I am having trouble with the cross-browser support on the portal.,i am having trouble with the cross browser support on the portal.,Problem
Can I use my own router instead of the ISP one?,can i use my own router instead of the isp one?,Information
what is the process for transferring service to a new address,what is the process for transferring service to a new address,Information
I am having trouble with the file export feature on the portal.,i am having trouble with the file export feature on the portal.,Problem
Does the provided router support simultaneous dual-band connections for 2.4GHz and 5GHz?,does the provided router support simultaneous dual band connections for 2.4ghz and 5ghz?,Information
I am unable to contact customer support through the chat feature.,i am unable to contact customer support through the chat feature.,Problem
I was charged twice on my credit card for this month's subscription.,i was charged twice on my credit card for this month's subscription.,Problem
I am having trouble with the two-factor authentication process.,i am having trouble with the two factor authentication process.,Problem
How can I get a static IP for my home office?,how can i get a static ip for my home office?,Information
I am unable to recover my account after multiple attempts.,i am unable to recover my account after multiple attempts.,Problem
why is my netflix only streaming in SD quality despite being on a 100mbps plan,why is my netflix only streaming in sd quality despite being on a 100mbps plan,Problem
Can I see the uptime percentage of my connection for the last thirty days?,can i see the uptime percentage of my connection for the last thirty days?,Information
I’m requesting a hardware upgrade to the latest Wi-Fi 6 router model.,i m requesting a hardware upgrade to the latest wi fi 6 router model.,Request
What are the power consumption specs of the modem to calculate my monthly electric bill?,what are the power consumption specs of the modem to calculate my monthly electric bill?,Information
Can the monthly data usage report be exported into a CSV format from the dashboard?,can the monthly data usage report be exported into a csv format from the dashboard?,Information
Which payment gateways are currently supported for automatic recurring monthly deductions?,which payment gateways are currently supported for automatic recurring monthly deductions?,Information
Change my primary contact phone number in the customer database.,change my primary contact phone number in the customer database.,Request
Is it possible to set up a Guest Wi-Fi that has a separate speed limit from the main one?,is it possible to set up a guest wi fi that has a separate speed limit from the main one?,Information
Are there any restrictions on using the connection for high-volume peer-to-peer file sharing?,are there any restrictions on using the connection for high volume peer to peer file sharing?,Information
I want to know the remaining active period of my subscription.,i want to know the remaining active period of my subscription.,Information
My TV decoder remote is broken and cannot be used.,my tv decoder remote is broken and cannot be used.,Problem
Please whitelist the following MAC addresses for my home security camera system.,please whitelist the following mac addresses for my home security camera system.,Request
I am unable to receive any special offers via email.,i am unable to receive any special offers via email.,Problem
I've been trying to cancel but your website is broken.,i've been trying to cancel but your website is broken.,Problem
Could you please reset my internet connection from your end?,could you please reset my internet connection from your end?,Request
Change the account ownership to my brother's name today.,change the account ownership to my brother's name today.,Request
the new modem you sent me is not working at all,the new modem you sent me is not working at all,Problem
can you provide me a detailed breakdown of my last bill,can you provide me a detailed breakdown of my last bill,Request
Switch my monthly payment method from bank transfer to automatic credit card deb...,switch my monthly payment method from bank transfer to automatic credit card deb...,Request
I want to know if there are any limitations on using third-party DNS servers like Google or Cloudflare.,i want to know if there are any limitations on using third party dns servers like google or cloudflare.,Information
Restrict mature channels on my Set-Top Box using the 'Kids Mode'.,restrict mature channels on my set top box using the 'kids mode'.,Request
Please send a technician to replace the damaged LAN port,please send a technician to replace the damaged lan port,Request
I am having trouble with the drag and drop feature on the portal.,i am having trouble with the drag and drop feature on the portal.,Problem
Could you upgrade my internet speed to the highest available plan?,could you upgrade my internet speed to the highest available plan?,Request
I am unable to receive a notification for a system update.,i am unable to receive a notification for a system update.,Problem
How many days of grace period are allowed before a late payment fee is officially applied?,how many days of grace period are allowed before a late payment fee is officially applied?,Information
I want to purchase two additional Wi-Fi extenders to be delivered to my home.,i want to purchase two additional wi fi extenders to be delivered to my home.,Request
when the problem will be end? i need my internet connection,when the problem will be end? i need my internet connection,Information
Replace the faulty power supply unit of my modem immediately.,replace the faulty power supply unit of my modem immediately.,Request
Is there an official app for managing my Wi-Fi settings remotely?,is there an official app for managing my wi fi settings remotely?,Information
I am having trouble understanding the billing statement for this month.,i am having trouble understanding the billing statement for this month.,Information
I need my current subscription downgraded to the most basic plan starting next month.,i need my current subscription downgraded to the most basic plan starting next month.,Request
Add the premium sports channel bundle to my account now.,add the premium sports channel bundle to my account now.,Request
Assist with the integration of my smart home and IoT devices.,assist with the integration of my smart home and iot devices.,Request
The power adapter for my router is getting dangerously hot and smells burnt.,the power adapter for my router is getting dangerously hot and smells burnt.,Problem
I am having trouble with the third-party extension integration.,i am having trouble with the third party extension integration.,Problem
I am unable to customize my profile on the portal.,i am unable to customize my profile on the portal.,Request
I am unable to access the press release section on the website.,i am unable to access the press release section on the website.,Problem
I'd like to request a new router model to replace the old one,i'd like to request a new router model to replace the old one,Request
Is there any scheduled maintenance or network optimization happening in the Tangerang area tonight?,is there any scheduled maintenance or network optimization happening in the tangerang area tonight?,Information
Can my modem be swapped for the latest dual-band model?,can my modem be swapped for the latest dual band model?,Request
What security protocols are being used to protect the user data on your central servers?,what security protocols are being used to protect the user data on your central servers?,Information
Are there any restrictions on using your internet connection for hosting a private web server?,are there any restrictions on using your internet connection for hosting a private web server?,Information
my internet has been stuck on no internet secured even after several restarts,my internet has been stuck on no internet secured even after several restarts,Problem
I am having trouble with the font style on the web portal.,i am having trouble with the font style on the web portal.,Problem
I am having trouble with the file attachment feature on the portal.,i am having trouble with the file attachment feature on the portal.,Problem
Does the billing system provide an automated notification when a payment is successful?,does the billing system provide an automated notification when a payment is successful?,Information
the fiber optic cable in front of my house is sagging and almost touching the asphalt,the fiber optic cable in front of my house is sagging and almost touching the asphalt,Problem
I am unable to see the reviews for the product on the website.,i am unable to see the reviews for the product on the website.,Information
Perform a full technical audit of my home office network performance.,perform a full technical audit of my home office network performance.,Request
Can you install new connection at my home?,can you install new connection at my home?,Request
"I can't change the wifi password myself, it keeps giving an error.","i can't change the wifi password myself, it keeps giving an error.",Problem
Replace my TV remote control that has stopped functioning.,replace my tv remote control that has stopped functioning.,Request
I am having trouble with the sorting feature on the web portal.,i am having trouble with the sorting feature on the web portal.,Problem
Forward a digital copy of the latest billing statement to my corporate email.,forward a digital copy of the latest billing statement to my corporate email.,Request
What is the maximum upload speed achievable on the 500mbps download tier?,what is the maximum upload speed achievable on the 500mbps download tier?,Information
Can you tell me how to cancel my plan?,can you tell me how to cancel my plan?,Information
Is there a specific distance limit for the fiber drop cable before extra costs are applied?,is there a specific distance limit for the fiber drop cable before extra costs are applied?,Information
I am unable to access the live support chat on the website.,i am unable to access the live support chat on the website.,Problem
I am unable to receive a refund for my canceled subscription.,i am unable to receive a refund for my canceled subscription.,Problem
Is there a way to verify the technician's digital identity before I let them into my home?,is there a way to verify the technician's digital identity before i let them into my home?,Information
I want to purchase a data booster pack for the remainder of the week,i want to purchase a data booster pack for the remainder of the week,Request
the ethernet cable connection is not being detected,the ethernet cable connection is not being detected,Problem
I am having trouble with the captcha on the sign-up page.,i am having trouble with the captcha on the sign up page.,Problem
could you whitelist a specific website that is being blocked,could you whitelist a specific website that is being blocked,Request
I need the itemized billing statement for last month resent to my email,i need the itemized billing statement for last month resent to my email,Request
Please stop sending promotional SMS messages to my phone number.,please stop sending promotional sms messages to my phone number.,Request
my static ip address keeps changing without notice,my static ip address keeps changing without notice,Problem
I am unable to customize my profile details on the portal.,i am unable to customize my profile details on the portal.,Request
Replace the loose fiber optic socket on my living room wall.,replace the loose fiber optic socket on my living room wall.,Request
I am unable to receive a password reset link on my email.,i am unable to receive a password reset link on my email.,Problem
I am having trouble with the message history feature.,i am having trouble with the message history feature.,Problem
the technician came but the problem still isn't fixed,the technician came but the problem still isn't fixed,Problem
I am curious about the data capping policy once I exceed the fair usage limit for this month.,i am curious about the data capping policy once i exceed the fair usage limit for this month.,Information
Can I get a detailed breakdown of the 'miscellaneous fees' appearing on my January invoice?,can i get a detailed breakdown of the 'miscellaneous fees' appearing on my january invoice?,Information
Are there any planned maintenance activities in the South Jakarta area this weekend?,are there any planned maintenance activities in the south jakarta area this weekend?,Information
I want to request a refund for the period when the service was down.,i want to request a refund for the period when the service was down.,Request
I am unable to see the product description on the website.,i am unable to see the product description on the website.,Information
How do I know if the slow speed is due to a crowded Wi-Fi channel in my apartment?,how do i know if the slow speed is due to a crowded wi fi channel in my apartment?,Information
Generate a detailed data usage report for each device on my network.,generate a detailed data usage report for each device on my network.,Request
I can't connect more than 3 devices even though I have the Pro plan.,i can't connect more than 3 devices even though i have the pro plan.,Problem
Update the primary login email for my provider's mobile application.,update the primary login email for my provider's mobile application.,Request
I am unable to access the community forum on the website.,i am unable to access the community forum on the website.,Problem
Create a custom guest login page for my home Wi-Fi network.,create a custom guest login page for my home wi fi network.,Request
Please info the location of ATMs where I can pay my internet bill.,please info the location of atms where i can pay my internet bill.,Information
Replace the damaged LAN cable in my gaming room with a new one.,replace the damaged lan cable in my gaming room with a new one.,Request
please prioritize my repair ticket as i work from home,please prioritize my repair ticket as i work from home,Request
I am unable to receive the verification email for my account.,i am unable to receive the verification email for my account.,Problem
I’d like to upgrade my speed to the 1Gbps tier for the duration of the summer.,i d like to upgrade my speed to the 1gbps tier for the duration of the summer.,Request
I am unable to see the terms of service on the mobile app.,i am unable to see the terms of service on the mobile app.,Information
Are there any student discounts or corporate partner programs available for new sign-ups?,are there any student discounts or corporate partner programs available for new sign ups?,Information
I want to schedule a temporary service suspension for my three-month vacation.,i want to schedule a temporary service suspension for my three month vacation.,Request
I need to understand how much additional latency I should expect when using a VPN on your network.,i need to understand how much additional latency i should expect when using a vpn on your network.,Information
Issue a formal letter of clearance for my account closure for legal purposes.,issue a formal letter of clearance for my account closure for legal purposes.,Request
Is the technical support team available via live chat 24/7 or only during business hours?,is the technical support team available via live chat 24 7 or only during business hours?,Information
Can you provide the PPPoE credentials for my third-party router?,can you provide the pppoe credentials for my third party router?,Request
I am unable to get a timely response from your support team.,i am unable to get a timely response from your support team.,Problem
What is the maximum number of devices I can connect to this router?,what is the maximum number of devices i can connect to this router?,Information
Is my current address covered by your fiber optic network?,is my current address covered by your fiber optic network?,Information
what documents are required for new account registration,what documents are required for new account registration,Information
"I have paid but the internet is still isolated, please check.","i have paid but the internet is still isolated, please check.",Problem
I am unable to change the font color settings on the web portal.,i am unable to change the font color settings on the web portal.,Request
Reset my modem to factory settings from your end.,reset my modem to factory settings from your end.,Request
how do i update my personal information on the account,how do i update my personal information on the account,Information
I am having trouble with the keyboard shortcuts on the portal.,i am having trouble with the keyboard shortcuts on the portal.,Problem
I am having trouble with the cross-browser compatibility on the portal.,i am having trouble with the cross browser compatibility on the portal.,Problem
Does your company offer a trial period for new subscribers before the long-term contract starts?,does your company offer a trial period for new subscribers before the long term contract starts?,Information
I need a technician to help me set up the TV box with my home theater system.,i need a technician to help me set up the tv box with my home theater system.,Request
I want to upgrade my router to a device that supports Wi-Fi 6,i want to upgrade my router to a device that supports wi fi 6,Request
I am unable to access the tutorial videos on the website.,i am unable to access the tutorial videos on the website.,Problem
What is the average duration for resolving a reported network outage in residential areas?,what is the average duration for resolving a reported network outage in residential areas?,Information
Install the latest firmware patch on my ONT to fix the security bugs.,install the latest firmware patch on my ont to fix the security bugs.,Request
I am unable to receive a confirmation message for my registration.,i am unable to receive a confirmation message for my registration.,Problem
Reactifate my internet connection now that the pending bill has been settled.,reactifate my internet connection now that the pending bill has been settled.,Request
The latency in my online games has jumped to 300ms since the last firmware update.,the latency in my online games has jumped to 300ms since the last firmware update.,Problem
Could you explain how to upgrade my speed to 100mbps?,could you explain how to upgrade my speed to 100mbps?,Information
what speeds are guaranteed during peak hours,what speeds are guaranteed during peak hours,Information
I am unable to receive any promotional offers via email.,i am unable to receive any promotional offers via email.,Problem
Text the technician's name and photo to my WhatsApp before they arrive.,text the technician's name and photo to my whatsapp before they arrive.,Request
I am having trouble with the verification link sent to my phone.,i am having trouble with the verification link sent to my phone.,Problem
download speeds are normal but the upload speed is not moving at all,download speeds are normal but the upload speed is not moving at all,Problem
a yellow exclamation mark appears on the wifi icon for all laptops in the house,a yellow exclamation mark appears on the wifi icon for all laptops in the house,Problem
Set up a brand new fiber installation at my villa address in Bali.,set up a brand new fiber installation at my villa address in bali.,Request
Is there a limit to how many separate email addresses can be linked to a single billing account?,is there a limit to how many separate email addresses can be linked to a single billing account?,Information
Can you schedule a technician visit for Saturday morning?,can you schedule a technician visit for saturday morning?,Request
please send a technician to check my connection at home,please send a technician to check my connection at home,Request
Install a lightning surge protector for the ONT at my residence.,install a lightning surge protector for the ont at my residence.,Request
Please enroll my account in the automatic credit card deduction program.,please enroll my account in the automatic credit card deduction program.,Request
The website layout is distorted on my browser.,the website layout is distorted on my browser.,Problem
What is the procedure to pause my service temporarily?,what is the procedure to pause my service temporarily?,Information
i cant login into my account,i cant login into my account,Problem
How do I reset my modem to factory settings?,how do i reset my modem to factory settings?,Information
The LAN port on the back of my modem seems to be loose and non-functional.,the lan port on the back of my modem seems to be loose and non functional.,Problem
Are the promotional rates locked for the entire duration of the contract?,are the promotional rates locked for the entire duration of the contract?,Information
Does your service cover South Jakarta?,does your service cover south jakarta?,Information
I am unable to receive a response from customer support.,i am unable to receive a response from customer support.,Problem
Does the monthly subscription fee listed on the website already include the government service tax?,does the monthly subscription fee listed on the website already include the government service tax?,Information
I am unable to play videos on the website.,i am unable to play videos on the website.,Problem
I am unable to access the live demo on the website.,i am unable to access the live demo on the website.,Problem
Does the current monthly package price already include the router rental fee?,does the current monthly package price already include the router rental fee?,Information
I am unable to see the product specifications on the website.,i am unable to see the product specifications on the website.,Information
Conduct a professional signal strength survey for my three-story residence.,conduct a professional signal strength survey for my three story residence.,Request
What specific frequency bands does your wireless outdoor receiver utilize?,what specific frequency bands does your wireless outdoor receiver utilize?,Information
What is the cost of replacing a broken remote control?,what is the cost of replacing a broken remote control?,Information
Please pause my internet service for 30 days while I am traveling abroad.,please pause my internet service for 30 days while i am traveling abroad.,Request
Is it possible to have two different internet accounts registered under the same house address?,is it possible to have two different internet accounts registered under the same house address?,Information
Why is my download speed only 5mbps when I’m on the 100mbps plan?,why is my download speed only 5mbps when i m on the 100mbps plan?,Problem
Please confirm if my service termination request has been processed,please confirm if my service termination request has been processed,Request
I am unable to navigate the web portal due to its design.,i am unable to navigate the web portal due to its design.,Problem
Issue a speed test certificate for my employer's remote work audit.,issue a speed test certificate for my employer's remote work audit.,Request
Please provide a formal letter of clearance for my account closure.,please provide a formal letter of clearance for my account closure.,Request
Switch my billing to the annual upfront plan for a better discount.,switch my billing to the annual upfront plan for a better discount.,Request
Optimize my account for video conferencing applications like Zoom.,optimize my account for video conferencing applications like zoom.,Request
what is the difference between fiber and cable internet,what is the difference between fiber and cable internet,Information
Help me configure the Port Forwarding settings for my PlayStation 5.,help me configure the port forwarding settings for my playstation 5.,Request
How do I whitelist a MAC address on my router?,how do i whitelist a mac address on my router?,Information
How does the technician verification process work to ensure home security during visits?,how does the technician verification process work to ensure home security during visits?,Information
I am unable to see the taxes and service fees for my order.,i am unable to see the taxes and service fees for my order.,Information
Please update my registered phone number in your system,please update my registered phone number in your system,Request
I am having trouble with the product rating system on the website.,i am having trouble with the product rating system on the website.,Problem
I am unable to receive a confirmation code for my purchase.,i am unable to receive a confirmation code for my purchase.,Problem
the wifi signal is very weak even when i'm next to the router,the wifi signal is very weak even when i'm next to the router,Problem
I need to change my registered billing email to my corporate address immediately.,i need to change my registered billing email to my corporate address immediately.,Request
I am having trouble with the dark mode setting on the website.,i am having trouble with the dark mode setting on the website.,Problem
What are the supported DNS over HTTPS (DoH) providers for this router model?,what are the supported dns over https doh providers for this router model?,Information
I want to ask why last month's billing details are different.,i want to ask why last month's billing details are different.,Information
Which peripheral brands are recommended for expanding Wi-Fi coverage in a multi-story house?,which peripheral brands are recommended for expanding wi fi coverage in a multi story house?,Information
How do I make a payment via mobile banking?,how do i make a payment via mobile banking?,Information
How do I claim a refund for a double payment on my bill?,how do i claim a refund for a double payment on my bill?,Information
I am having trouble with the notification preferences for my account.,i am having trouble with the notification preferences for my account.,Problem
Could my billing address be updated to the new location?,could my billing address be updated to the new location?,Request
Is there a loyalty tier for customers who have never had a late payment record?,is there a loyalty tier for customers who have never had a late payment record?,Information
Process a refund for the three days of service outage.,process a refund for the three days of service outage.,Request
What is the maximum range of the 5GHz signal in a house with thick brick walls?,what is the maximum range of the 5ghz signal in a house with thick brick walls?,Information
Set up a VPN tunnel directly on the provided ISP gateway.,set up a vpn tunnel directly on the provided isp gateway.,Request
The internet light on my modem has been blinking red for the past two hours.,the internet light on my modem has been blinking red for the past two hours.,Problem
Relocate my fiber optic cable to the study room upstairs.,relocate my fiber optic cable to the study room upstairs.,Request
What is the range of the Wi-Fi signal in an open indoor space?,what is the range of the wi fi signal in an open indoor space?,Information
"Does the ""unlimited"" plan have any hidden daily data consumption thresholds?",does the unlimited plan have any hidden daily data consumption thresholds?,Information
What are the environmental certifications of the hardware devices provided by your service?,what are the environmental certifications of the hardware devices provided by your service?,Information
Is the public IP provided by your service dynamic or does it stay the same after a reboot?,is the public ip provided by your service dynamic or does it stay the same after a reboot?,Information
Configure my account so I can use my own private router.,configure my account so i can use my own private router.,Request
What are the benefits of the dedicated IP add-on for work from home?,what are the benefits of the dedicated ip add on for work from home?,Information
Can you bridge my modem to my personal router?,can you bridge my modem to my personal router?,Request
Can I request a replacement for a LAN cable damaged by pets?,can i request a replacement for a lan cable damaged by pets?,Request
Bury the exposed fiber optic cable in my front yard for safety.,bury the exposed fiber optic cable in my front yard for safety.,Request
Are there any discounts for paying for a full year?,are there any discounts for paying for a full year?,Information
there is a small electrical leakage when i touch the body of the modem,there is a small electrical leakage when i touch the body of the modem,Problem
I am having trouble with the file download tool on the portal.,i am having trouble with the file download tool on the portal.,Problem
I’m asking for an immediate relocation of my fiber optic terminal to the second floor.,i m asking for an immediate relocation of my fiber optic terminal to the second floor.,Request
Modify the billing name displayed on my monthly PDF invoice.,modify the billing name displayed on my monthly pdf invoice.,Request
the wifi connection keeps dropping whenever there is heavy rain,the wifi connection keeps dropping whenever there is heavy rain,Problem
Are the installation technicians authorized to handle internal wall drilling for cable management?,are the installation technicians authorized to handle internal wall drilling for cable management?,Information
Apply the 5-year loyalty discount to my current monthly bill.,apply the 5 year loyalty discount to my current monthly bill.,Request
Update my billing address immediately to reflect my new office location in Central Jakarta.,update my billing address immediately to reflect my new office location in central jakarta.,Request
Can I get an English version of my billing statement?,can i get an english version of my billing statement?,Information
Schedule a technician visit for my house tomorrow morning.,schedule a technician visit for my house tomorrow morning.,Request
When is the due date for the January billing cycle?,when is the due date for the january billing cycle?,Information
Issue a credit note for the overcharged amount on the previous invoice.,issue a credit note for the overcharged amount on the previous invoice.,Request
My Wi-Fi signal is very weak and doesn't reach the bedroom.,my wi fi signal is very weak and doesn't reach the bedroom.,Problem
My payment at the convenience store keeps failing but the balance was deducted.,my payment at the convenience store keeps failing but the balance was deducted.,Problem
why has my wifi range become so short that it only reaches the front of my room,why has my wifi range become so short that it only reaches the front of my room,Problem
Kindly send the router setup instructions via WhatsApp,kindly send the router setup instructions via whatsapp,Request
I am having trouble with the browser support for the portal.,i am having trouble with the browser support for the portal.,Problem
my internet connection keeps dropping every few minutes since last night,my internet connection keeps dropping every few minutes since last night,Problem
How many days does it usually take to process a relocation request from one city to another?,how many days does it usually take to process a relocation request from one city to another?,Information
I am unable to receive any emails from your company.,i am unable to receive any emails from your company.,Problem
i cannot access my office website because it seems to be blocked by the ISP,i cannot access my office website because it seems to be blocked by the isp,Problem
