messages,label
Does your service cover South Jakarta?,Information
my internet connection keeps dropping every few minutes since last night,Problem
"speeds are extremely slow, getting only 2mbps but i'm paying for 100mbps",Problem
router shows connected but i can't open any website at all,Problem
i've been without internet for 3 days now and nobody has fixed it yet,Problem
please send a technician to check my connection at home,Request
can you reset my modem remotely?,Request
i want to cancel my subscription effective next month,Request
could you upgrade my plan to the 200mbps package,Request
Can you install new connection?,Request
How do I check data usage?,Information
Modem keeps disconnecting,Problem
Can you install new connection at my home?,Request
How do I check my data usage?,Information
Modem keeps disconnecting every hour,Problem
What is the procedure to cancel subscription?,Information
My bill is higher than expected,Problem
How can you help me fix this issue?,Information
I need assistance with billing problem,Request
What should I do if modem not working?,Information
Problem with payment gateway,Problem
i can't connect to wifi even though the password is correct,Problem
my router light is red and i have no connection at all,Problem
the fiber cable outside my house appears to be damaged,Problem
i paid my bill but my service is still suspended,Problem
"my upload speed is terrible, videos won't upload at all",Problem
the technician came but the problem still isn't fixed,Problem
the app keeps crashing when i try to check my usage,Problem
i was charged twice for the same billing period,Problem
the new modem you sent me is not working at all,Problem
i can't access certain websites but others work fine,Problem
the ethernet cable connection is not being detected,Problem
my data usage is showing incorrect numbers in the app,Problem
the wifi signal is very weak even when i'm next to the router,Problem
my static ip address keeps changing without notice,Problem
the service has been down since the storm yesterday,Problem
i'm still being billed after i already cancelled my subscription,Problem
can you waive the late fee on my account this month,Request
can you provide me a detailed breakdown of my last bill,Request
please reschedule the technician visit to friday afternoon,Request
can you remove the extra charges on my latest invoice,Request
please confirm my installation appointment for tomorrow,Request
could you whitelist a specific website that is being blocked,Request
i need you to increase my data limit for this month,Request
please prioritize my repair ticket as i work from home,Request
please reconnect my service i already paid the outstanding balance,Request
can you schedule a cable burial for the wire outside my house,Request
what is the difference between fiber and cable internet,Information
what happens if i exceed my monthly data limit,Information
what is the process for transferring service to a new address,Information
what speeds are guaranteed during peak hours,Information
what documents are required for new account registration,Information
is there an option to pause my subscription temporarily,Information
how do i update my personal information on the account,Information
What are the promos for loyal customers this month?,Information
Please provide info on how to check my remaining quota via the app.,Information
How much is the installation fee for a new connection in a residential area?,Information
How do I make a payment via mobile banking?,Information
I want to ask why last month's billing details are different.,Information
Please info the location of ATMs where I can pay my internet bill.,Information
I want to know the remaining active period of my subscription.,Information
How much is the fine for being one day late on payment?,Information
What is the speed booster add-on feature mentioned on the website?,Information
What is the procedure to change my payment method to a credit card?,Information
Please send me the brochure for the internet and cable TV packages.,Information
Is there an additional fee if I want to add another TV decoder?,Information
Info regarding the FUP limit for the package I am using.,Information
What is my customer ID number for paying at a convenience store?,Information
I want to ask if this router supports dual-band frequency.,Information
What documents are required for a package migration?,Information
Is there a monthly fee for the modem rental?,Information
Please process a temporary suspension of service as I am going out of town.,Request
Please reactivate my isolated service.,Request
Please schedule a site survey for a new installation.,Request
"I have paid but the internet is still isolated, please check.",Problem
The download speed does not match the package I bought.,Problem
"I feel cheated, the promised promo was not applied.",Problem
My TV decoder remote is broken and cannot be used.,Problem
Why is there no news about my new installation request?,Problem
My payment at the convenience store keeps failing but the balance was deducted.,Problem
"I can't change the wifi password myself, it keeps giving an error.",Problem
"My upload speed is very low, far below the standard.",Problem
What is the maximum number of devices I can connect to this router?,Information
I need to know the official bank account numbers for wire transfers.,Information
I need to deactivate my TV cable service but keep the internet active.,Request
Could you please reset my internet connection from your end?,Request
I've been trying to pay via the app for an hour but it keeps crashing.,Problem
Why is my Netflix buffering constantly even though I'm on a high-speed plan?,Problem
The payment was deducted from my bank account but the transaction shows failed.,Problem
I found a bug in the latest update affecting report generation.,Problem
I am having trouble accessing some features of the website.,Problem
"My subscription was supposed to be canceled, but I was charged again.",Problem
The website layout is distorted on my browser.,Problem
I am having trouble setting up my account.,Problem
I am unable to download the software on my computer.,Problem
I am unable to access the premium features despite having a subscription.,Problem
I am unable to complete the checkout process on the website.,Problem
I am unable to change my email address associated with the account.,Problem
I am unable to connect my social media accounts to the portal.,Problem
I am having trouble understanding the billing statement for this month.,Information
The website is not displaying any images or graphics for me.,Problem
I am unable to add items to my shopping cart.,Problem
I am unable to verify my email address.,Problem
I am unable to see my purchase history on the account page.,Problem
I am having trouble with the two-factor authentication process.,Problem
The app is consuming too much battery on my phone.,Problem
I am unable to contact customer support through the chat feature.,Problem
I have a suggestion for improving the user interface of the mobile app.,Information
I am unable to find the search bar on the website.,Information
I am unable to apply a discount code during checkout.,Problem
The mobile app is not compatible with my device's operating system.,Problem
I am unable to print invoices from the portal.,Problem
I am unable to change the theme of the mobile app.,Problem
I am unable to access the help center on the website.,Problem
I am unable to upgrade my subscription plan.,Request
I am having trouble with the auto-fill feature on the checkout page.,Problem
I am unable to view the terms and conditions on the website.,Information
I am having trouble with the search results on the web portal.,Problem
I am unable to receive SMS alerts for account activity.,Problem
I am having trouble with the video player on the website.,Problem
I am unable to see the available balance in my account.,Information
I am unable to view the FAQ section on the website.,Information
I am unable to receive a refund for my canceled subscription.,Problem
I am having trouble with the keyboard shortcuts on the portal.,Problem
I am unable to redeem my loyalty points for discounts.,Problem
I am having trouble with the filters on the search page.,Problem
I am unable to receive an OTP for verifying my phone number.,Problem
I am having trouble with the dark mode setting on the website.,Problem
I am having trouble with the drag and drop feature on the portal.,Problem
I am unable to access the community forum on the website.,Problem
I am having trouble with the captcha on the registration page.,Problem
I am unable to receive a verification code on my email.,Problem
I am having trouble with the file compression feature on the portal.,Problem
I am unable to see the product specifications on the website.,Information
I am unable to access the live demo on the website.,Problem
I am having trouble with the browser compatibility on the portal.,Problem
I am having trouble with the scroll bar on the web portal.,Problem
I am unable to receive a confirmation email for my registration.,Problem
I am unable to access the tutorial videos on the website.,Problem
I am having trouble with the plugin integration on the portal.,Problem
I am unable to receive any emails from your company.,Problem
I am unable to see the reviews for the product on the website.,Information
I am unable to receive a password reset link on my email.,Problem
I am having trouble with the character limit on the feedback form.,Problem
I am unable to access the blog section on the website.,Problem
I am unable to see the terms of service on the mobile app.,Information
I am having trouble with the font style on the web portal.,Problem
I am unable to receive a notification for a new message.,Problem
I am having trouble with the page navigation on the website.,Problem
I am unable to receive a verification link on my phone.,Problem
I am having trouble with the account recovery process.,Problem
I am unable to see the estimated time of arrival for my delivery.,Information
I am unable to access the help documentation on the website.,Problem
I am unable to receive any SMS notifications from your company.,Problem
I am having trouble with the UI design of the web portal.,Problem
I am unable to see the product ratings on the website.,Information
I am unable to receive a confirmation code for my purchase.,Problem
I am having trouble with the feedback submission on the portal.,Problem
I am unable to access the user forum on the website.,Problem
I am having trouble with the sorting feature on the web portal.,Problem
I am having trouble with the video quality on the website.,Problem
I am unable to view the privacy policy on the website.,Information
I am unable to receive a response from customer support.,Problem
I am having trouble with the hotkeys on the portal.,Problem
I am unable to redeem a gift card for my purchase.,Problem
I am having trouble with the search filters on the web portal.,Problem
I am unable to receive an email for account verification.,Problem
I am unable to access the knowledge base on the website.,Information
I am unable to receive a notification for a system update.,Problem
I am having trouble with the file download feature on the portal.,Problem
I am unable to see the product description on the website.,Information
I am unable to access the live chat on the website.,Problem
I am having trouble with the cross-browser support on the portal.,Problem
I am unable to receive any promotional offers via email.,Problem
I am having trouble with the side bar on the web portal.,Problem
I am unable to receive a confirmation message for my registration.,Problem
I am unable to access the training materials on the website.,Problem
I am having trouble with the extension integration on the portal.,Problem
I am unable to receive any newsletters from your company.,Problem
I am unable to see the user reviews for the product on the website.,Information
I am unable to receive a link for password recovery on my email.,Problem
I am having trouble with the word count on the comment section.,Problem
I am unable to access the news section on the website.,Problem
I am having trouble with the terms and conditions page on the mobile app.,Information
I am unable to navigate between pages on the website.,Problem
I am having trouble with the conversation history feature.,Problem
I am having trouble with the verification link on my phone.,Problem
I am unable to recover my account after several attempts.,Problem
I am having trouble with the delivery estimation feature.,Problem
I am unable to customize my profile on the portal.,Request
I am having trouble with the help section on the website.,Problem
I am unable to navigate the web portal due to its design.,Problem
I am having trouble with the product rating system on the website.,Problem
I am having trouble with the purchase confirmation process.,Problem
I am unable to submit feedback through the portal.,Problem
I am having trouble with the user forum on the website.,Problem
I am unable to play videos on the website.,Problem
I am unable to view my wallet balance.,Information
I am unable to read the privacy policy on the website.,Information
I am unable to get a response from your support team.,Problem
I am unable to use a gift card for my transaction.,Problem
I am having trouble with the filtering options on the web portal.,Problem
I am unable to receive the verification email for my account.,Problem
I am unable to receive notifications for system updates.,Problem
I am having trouble with the file download tool on the portal.,Problem
I am unable to see the detailed product description on the website.,Information
I am unable to access the live support chat on the website.,Problem
I am having trouble with the cross-browser compatibility on the portal.,Problem
I am unable to receive any promotional deals via email.,Problem
I am having trouble with the navigation menu on the web portal.,Problem
I am unable to receive a confirmation message for my account registration.,Problem
I am unable to access the training videos on the website.,Problem
I am having trouble with the third-party extension integration.,Problem
I am having trouble with the word count limit on comments.,Problem
I am unable to access the news archive on the website.,Problem
I am unable to see the taxes and service fees for my order.,Information
I am having trouble with the terms and conditions on the mobile app.,Information
I am unable to change the font color settings on the web portal.,Request
I am unable to navigate between different pages on the website.,Problem
I am having trouble with the chat history search feature.,Problem
I am unable to export my account data from the mobile app.,Problem
I am having trouble with the verification link sent to my phone.,Problem
I am unable to recover my account after multiple attempts.,Problem
I am unable to customize my profile details on the portal.,Request
I am having trouble with the help and support section on the website.,Problem
I am having trouble with the SMS notification system.,Problem
I am unable to navigate the web portal effectively.,Problem
I am having trouble with the product rating feature.,Problem
I am having trouble with the purchase confirmation email.,Problem
I am unable to submit my feedback through the portal.,Problem
I am having trouble with the community forum on the website.,Problem
I am unable to play the tutorial videos on the website.,Problem
I am having trouble with the notification preferences for my account.,Problem
I am unable to see the current balance in my wallet.,Information
I am unable to read the privacy policy document on the website.,Information
I am unable to get a timely response from your support team.,Problem
I am having trouble with the keyboard shortcut configuration.,Problem
I am unable to use my gift card for this transaction.,Problem
I am having trouble with the filtering criteria on the web portal.,Problem
I am unable to receive the verification email for my new account.,Problem
I am having trouble with the dark mode toggle on the website.,Problem
I am having trouble with the file attachment feature on the portal.,Problem
I am having trouble with the captcha on the sign-up page.,Problem
I am having trouble with the file export feature on the portal.,Problem
I am unable to access the live chat representative.,Problem
I am having trouble with the browser support for the portal.,Problem
I am unable to receive any special offers via email.,Problem
I am unable to find the email address for support.,Information
I am having trouble with the navigation bar on the web portal.,Problem
I am unable to receive a confirmation for my subscription.,Problem
I am unable to access the webinar section on the website.,Problem
I am unable to receive any marketing emails.,Problem
I am having trouble with the character limit on the support form.,Problem
I am unable to access the press release section on the website.,Problem
I am having trouble with the notification system for new alerts.,Problem
I am unable to switch between tabs on the website.,Problem
I am having trouble with the message history feature.,Problem
I am unable to download my profile information.,Request
I am having trouble with the SMS verification code.,Problem
"Please change my Wi-Fi password to ""Jakarta2024""",Request
I need to move my installation to a different room,Request
Can you send the monthly invoice to my alternative email?,Request
Please reactivate my account after payment,Request
I want to change my billing cycle from monthly to annually,Request
Send a technician to relocate the fiber optic cable,Request
Please downgrade my current plan to the basic package,Request
Can you provide a static IP for my connection?,Request
I need a physical copy of my contract sent to my address,Request
Please pause my subscription for two weeks while I'm away,Request
Can you help me set up a mesh Wi-Fi system?,Request
Please add the premium movie channel bundle to my account,Request
I'd like to request a new router model to replace the old one,Request
Can you schedule a technician visit for Saturday morning?,Request
Please update my registered phone number in your system,Request
I want to buy an additional Wi-Fi extender from your service,Request
Please provide a formal letter of clearance for my subscription,Request
Can you bridge my modem to my personal router?,Request
I need to change the ownership name of this account,Request
Please send me the latest promotional offers for loyal customers,Request
Can you check if my area is eligible for the 1Gbps speed boost?,Request
Please waive the late payment fee due to the system error,Request
I want to register a second line for my home office,Request
Please send a technician to replace the damaged LAN port,Request
Can you help me configure the parental control settings?,Request
Please enable the guest network on my router remotely,Request
I'd like to report a change of address for my service,Request
Please send a receipt for my last payment via WhatsApp,Request
Can you provide the PPPoE credentials for my third-party router?,Request
Please confirm the cancellation of my add-on services,Request
Please schedule a technician visit to inspect the outdoor fiber cable,Request
I need the itemized billing statement for last month resent to my email,Request
Could you upgrade my internet speed to the highest available plan?,Request
Kindly reactivate my service that was recently suspended,Request
I would like to switch my payment method to credit card,Request
Please assist with installing an additional router on the second floor,Request
Can my modem be swapped for the latest dual-band model?,Request
"Please change my Wi-Fi SSID name to ""Home_Office_5G""",Request
I need to relocate the fiber wall socket in my living room,Request
Please send me the subscription cancellation form for next month,Request
Could my billing address be updated to the new location?,Request
Please dispatch a technician to check the faulty power adapter,Request
I need assistance configuring port forwarding on my router,Request
Kindly remove the cable TV add-on service from my current package,Request
I want to upgrade my router to a device that supports Wi-Fi 6,Request
Please send the tax invoice for my internet subscription,Request
Can I request a static public IP address for office use?,Request
Please perform a remote factory reset on my router,Request
Kindly re-verify my emergency contact number in your system,Request
I’d like to request a loyalty discount for my contract renewal,Request
Please provide a certificate of subscription for office reimbursement,Request
Can a technician come over after 5 PM today?,Request
Please create separate user profiles for the parental control feature,Request
I want to purchase a data booster pack for the remainder of the week,Request
Please help integrate my router with my smart home devices,Request
Kindly send a digital copy of my original contract to my account,Request
Can I request a replacement for a LAN cable damaged by pets?,Request
Please disable the USB port access on my modem remotely,Request
I want to register a new email address for billing notifications,Request
Please enable adult content filtering on my network,Request
Kindly send the router setup instructions via WhatsApp,Request
I would like to claim compensation for yesterday's service outage,Request
Please schedule a migration from copper to fiber optic service,Request
Can I get the same technician who handled my previous visit?,Request
Please confirm if my service termination request has been processed,Request
Change the admin password for my modem's gateway access,Request
I want to add an extra set-top box for the bedroom TV,Request
Please check if my area is eligible for the 5G network coverage,Request
Kindly deliver the physical payment receipt for this month to my home,Request
Please help synchronize my range extender for a stable signal,Request
What are the specific terms and conditions regarding the early termination fee for a two-year contract?,Information
I was wondering if your current infrastructure in South Jakarta supports symmetrical upload and download speeds.,Information
Could you clarify the difference between the basic starter pack and the professional home office bundle?,Information
I am curious about the data capping policy once I exceed the fair usage limit for this month.,Information
Is there any scheduled maintenance or network optimization happening in the Tangerang area tonight?,Information
I would like to know which brands of routers are compatible with your fiber optic terminal.,Information
What is the exact procedure for transferring account ownership to a family member?,Information
Does my current subscription already include a complimentary subscription to any streaming platforms?,Information
I'm looking for details on how the billing cycle is calculated if I join in the middle of the month.,Information
Is the public IP provided by your service dynamic or does it stay the same after a reboot?,Information
Can you explain the technical requirements for setting up a bridge mode on the provided ONT?,Information
I am trying to find out if there are any ongoing promotions for existing customers who want to renew.,Information
What are the operating hours for your walk-in customer service centers during the weekend?,Information
I need to understand how much additional latency I should expect when using a VPN on your network.,Information
Does the current weather condition usually affect the stability of the fiber connection in this region?,Information
I am interested in knowing the maximum number of devices that can concurrently connect to the standard gateway.,Information
Could you tell me the deadline for paying the monthly invoice before the service gets automatically restricted?,Information
What security protocols are being used to protect the user data on your central servers?,Information
Is there a specific list of supported areas for your new ultra-high-speed 1Gbps plan?,Information
I am looking for information on how to read the LED indicator patterns on the front of my modem.,Information
What is the minimum guaranteed speed for the 100mbps package during peak hours?,Information
Are there any student discounts or corporate partner programs available for new sign-ups?,Information
I want to know the physical address of your main office for document submission purposes.,Information
Can you explain the process of how I will be notified if my data usage reaches 90%?,Information
Is the installation fee waived if I choose to pay for the first six months upfront?,Information
What kind of encryption does your default Wi-Fi configuration use for home networks?,Information
I am curious if your service offers any built-in antivirus protection at the ISP level.,Information
Does the set-top box provided with the TV package support 4K resolution streaming?,Information
How many days does it usually take to process a relocation request from one city to another?,Information
What is the policy regarding the return of equipment after the subscription ends?,Information
I need to know if your technicians are required to show a digital ID before entering a residence.,Information
Are there any parental control features integrated directly into the web dashboard?,Information
I am wondering if the fiber optic cable used in my building is aerial or underground.,Information
What is the average response time for a priority support ticket for business-grade accounts?,Information
Could you provide the details of the nearest authorized payment point in my neighborhood?,Information
I want to know if there are any limitations on using third-party DNS servers like Google or Cloudflare.,Information
Is there a mobile application available to monitor my real-time bandwidth consumption?,Information
What happens to my remaining data quota if I decide to upgrade my plan mid-month?,Information
Are the international roaming packages managed separately from the home fiber account?,Information
I need clarification on whether the advertised price includes the 11% Value Added Tax.,Information
What specific documentation is required to qualify for the corporate employee discount program?,Information
Does the monthly subscription fee listed on the website already include the government service tax?,Information
Are there any documented compatibility issues between your latest modem and older MacBook models?,Information
How exactly does the fair usage policy (FUP) impact streaming quality once the limit is reached?,Information
Which peripheral brands are recommended for expanding Wi-Fi coverage in a multi-story house?,Information
Is the technical support team available via live chat 24/7 or only during business hours?,Information
What are the primary differences in latency between the gaming-optimized plan and the standard one?,Information
Can a detailed map of the current fiber coverage in East Jakarta be found on your portal?,Information
Are the installation technicians authorized to handle internal wall drilling for cable management?,Information
Does the provided router support simultaneous dual-band connections for 2.4GHz and 5GHz?,Information
What is the standard procedure for a customer who needs to temporarily suspend service during a move?,Information
Are there any upcoming firmware updates scheduled to improve the security of the current gateway?,Information
How is the prorated billing calculated for users who sign up in the final week of the month?,Information
Is there a limit to how many separate email addresses can be linked to a single billing account?,Information
What security measures are in place to prevent DNS hijacking on your network?,Information
Can the monthly data usage report be exported into a CSV format from the dashboard?,Information
Are the set-top boxes compatible with third-party streaming apps like Netflix or Disney+?,Information
What is the average duration for resolving a reported network outage in residential areas?,Information
Does your company offer a trial period for new subscribers before the long-term contract starts?,Information
Which payment gateways are currently supported for automatic recurring monthly deductions?,Information
Is there a loyalty program that rewards long-term customers with hardware upgrades?,Information
What specific frequency bands does your wireless outdoor receiver utilize?,Information
Are the signal boosters provided in the premium package rented or owned by the customer?,Information
How many days of grace period are allowed before a late payment fee is officially applied?,Information
Does the network infrastructure utilize CGNAT or are individual public IPs assigned?,Information
Is a physical signature required for the delivery of the monthly paper invoice?,Information
What are the environmental certifications of the hardware devices provided by your service?,Information
Can the admin password for the router be customized via the mobile application?,Information
Are there any restrictions on using your internet connection for hosting a private web server?,Information
How does the technician verification process work to ensure home security during visits?,Information
What is the maximum upload speed achievable on the 500mbps download tier?,Information
Are the promotional rates locked for the entire duration of the contract?,Information
"Does the ""unlimited"" plan have any hidden daily data consumption thresholds?",Information
What are the electrical power requirements for the fiber-to-the-home terminal?,Information
Is there a referral program that provides bill credits for bringing in new subscribers?,Information
How often are the public Wi-Fi hotspots updated for users with the mobile add-on?,Information
Are the terms of service available in multiple languages for international residents?,Information
What happens to the existing equipment if a subscriber moves to an uncovered area?,Information
Is there a dedicated portal for tracking the status of an ongoing technical ticket?,Information
Does the billing system provide an automated notification when a payment is successful?,Information
Could you please dispatch a technician to my apartment this Saturday before noon?,Request
Kindly reset my PPPoE credentials and send the new ones to my registered mobile number.,Request
I need my current subscription downgraded to the most basic plan starting next month.,Request
Please waive the late payment penalty on my account as I never received the invoice.,Request
Update my billing address immediately to reflect my new office location in Central Jakarta.,Request
Switch my router to bridge mode remotely so I can use my own mesh system.,Request
I’m asking for an immediate relocation of my fiber optic terminal to the second floor.,Request
Cancel the premium movie channel add-on from my package effective today.,Request
Please provide a formal letter of clearance for my account closure.,Request
Can you send a new power adapter for my modem as the current one is overheating?,Request
I'd like to sign up for the static IP service for my home server setup.,Request
Modify my Wi-Fi name and password to the details I’ve attached in this message.,Request
Please schedule a migration of my line from the old copper network to the new fiber line.,Request
Reactifate my internet connection now that the pending bill has been settled.,Request
I want to purchase two additional Wi-Fi extenders to be delivered to my home.,Request
Please enroll my account in the automatic credit card deduction program.,Request
Could you extend my payment deadline by three days due to a bank system error?,Request
Send a technician to replace the damaged fiber cable outside my house gate.,Request
I’m requesting a hardware upgrade to the latest Wi-Fi 6 router model.,Request
Please pause my internet service for 30 days while I am traveling abroad.,Request
Assign a different technician for my next visit as the previous one was unprofessional.,Request
Help me configure the parental control settings to block social media after 9 PM.,Request
I want to merge my two separate home accounts into a single billing profile.,Request
"Please enable the ""Guest Network"" feature on my gateway remotely.",Request
Kindly provide me with a physical copy of my signed contract for legal purposes.,Request
I’d like to upgrade my speed to the 1Gbps tier for the duration of the summer.,Request
Please whitelist my new gaming console's MAC address on your network.,Request
"Apply the ""New Year"" promo code to my account before the next billing cycle.",Request
I need a technician to help me set up the TV box with my home theater system.,Request
Please stop sending promotional SMS messages to my phone number.,Request
Swap my current ONT for one that has more than two LAN ports.,Request
I’m requesting a site survey for a new installation at my secondary property.,Request
Please send the last three months of payment receipts in a single PDF.,Request
Change my primary contact email address to my Gmail account instead.,Request
I need to schedule a service termination for the end of this current term.,Request
Please verify if my payment has been received and update my status.,Request
Could you help me set up a VLAN on the provided router for my office work?,Request
I want to exchange my reward points for a one-month speed boost.,Request
Please send an official technician to check for a possible signal leak in the building.,Request
Register my secondary phone number for the emergency SMS alert system.,Request
"i cant open my profile page, please fix this bug then i can pay",Problem
when the problem will be end? i need my internet connection,Information
My Wi-Fi signal keeps disappearing whenever I move to the dining room.,Problem
The internet light on my modem has been blinking red for the past two hours.,Problem
Why is my download speed only 5mbps when I’m on the 100mbps plan?,Problem
"Every time it rains, my connection drops and I have to restart the ONT.",Problem
"I can't access any international websites, though local sites are working fine.",Problem
What are the specific requirements for upgrading to a business-grade connection?,Information
Does the current monthly package price already include the router rental fee?,Information
Are there any planned maintenance activities in the South Jakarta area this weekend?,Information
How many devices can be connected to the standard gateway before performance drops?,Information
Please send a technician to relocate my modem from the bedroom to the living room.,Request
I need to change my registered billing email to my corporate address immediately.,Request
Kindly reset my account password and send the temporary link to my phone.,Request
Upgrade my current subscription to the Gamer’s Package starting next billing cycle.,Request
Please deactivate the premium movie channel add-on from my account effective today.,Request
The latency in my online games has jumped to 300ms since the last firmware update.,Problem
My streaming service keeps buffering even though the modem lights look normal.,Problem
I’ve noticed a physical crack on the fiber optic cable near my front door.,Problem
There is a strange buzzing sound coming from the power adapter whenever it's plugged in.,Problem
"My device shows ""Connected, No Internet"" despite multiple restarts today.",Problem
What is the standard compensation policy for a service outage lasting more than 24 hours?,Information
Are there any restrictions on using the connection for high-volume peer-to-peer file sharing?,Information
How long is the typical waiting list for a technician visit in the West Jakarta region?,Information
Is the hardware provided by your service compatible with WPA3 security encryption?,Information
What are the tax implications if I switch from a personal to a professional business account?,Information
Please whitelist the following MAC addresses for my home security camera system.,Request
Dispatch a team to fix the hanging cables in front of my house before they snap.,Request
I want to schedule a temporary service suspension for my three-month vacation.,Request
Add the static IP feature to my current plan and bill it to the same credit card.,Request
Kindly provide a breakdown of my usage for the last six months in an Excel file.,Request
Can you tell me how to cancel my plan?,Information
I want to cancel my plan right now.,Request
I've been trying to cancel but your website is broken.,Problem
how to check invoice?,Information
what is the discount package this month?,Information
"i want to relocate my house, when you want to send tecnician here?",Information
"i want to relocate my house, send me a technician quickly as posible",Request
When is the due date for the January billing cycle?,Information
Does the internet service come with a static or dynamic IP address?,Information
Is my current address covered by your fiber optic network?,Information
Please enroll my account in the monthly paperless billing program.,Request
My Wi-Fi signal is very weak and doesn't reach the bedroom.,Problem
The power adapter for my router is getting dangerously hot and smells burnt.,Problem
My data quota did not reset today even though it is the start of the month.,Problem
There is a physical break in the fiber cable caused by a fallen tree branch.,Problem
I was charged twice on my credit card for this month's subscription.,Problem
I can only connect one device to the Wi-Fi; others are getting IP errors.,Problem
The LAN port on the back of my modem seems to be loose and non-functional.,Problem
My billing amount is much higher than the price agreed upon in my contract.,Problem
"The DNS server is not responding, preventing me from browsing any sites.",Problem
Is there a list of available cable TV channels for the Basic plan?,Information
How can I verify if my payment was successful through the mobile app?,Information
What is the procedure for a temporary service suspension?,Information
Is there an official app for managing my Wi-Fi settings remotely?,Information
What does the red blinking light on the modem signify?,Information
Are the Wi-Fi extenders rented or are they a one-time purchase?,Information
How can I update my primary contact phone number in your database?,Information
Is it possible to use my own fiber-to-the-home terminal?,Information
What documentation is needed for a change of account ownership?,Information
How do I claim a refund for a double payment on my bill?,Information
Does your company provide parental control features at the network level?,Information
What are the benefits of the dedicated IP add-on for work from home?,Information
What are the steps to set up a bridge mode on the provided router?,Information
What is the range of the Wi-Fi signal in an open indoor space?,Information
I would like to upgrade my Wi-Fi to the new Wi-Fi 6 standard equipment.,Request
Can you dispatch someone to replace the broken fiber optic connector?,Request
Please pause my subscription for 60 days while I am working overseas.,Request
I want to apply for the 'Family Bundle' promo I saw on your website.,Request
Please activate the international roaming feature for my mobile account.,Request
I want to request a refund for the period when the service was down.,Request
The internet connection has been extremely unstable for the past three days.,Problem
The technician who came today left without actually fixing the issue.,Problem
The TV box shows a 'No Signal' error on every channel I try to watch.,Problem
My data quota didn't reset on the 1st of the month as it was supposed to.,Problem
I was charged for a premium channel that I never requested or activated.,Problem
The Wi-Fi signal is unable to penetrate even a single wall in my house.,Problem
The payment I made through the app is not reflecting in my account status.,Problem
The fiber optic socket on my wall has come loose and the wire is exposed.,Problem
My bill this month is double the usual amount without any explanation.,Problem
The Wi-Fi range has significantly decreased since the last firmware update.,Problem
I keep getting 'IP Address Conflict' errors on all my connected devices.,Problem
The fiber cable outside my house is hanging too low and might be hit by a truck.,Problem
I can't connect more than 3 devices even though I have the Pro plan.,Problem
The remote control for the TV box is not responding to any button presses.,Problem
The activation of my new line has been pending for over a week now.,Problem
I am unable to access my office VPN using your internet connection.,Problem
My router settings keep reverting to factory defaults after every power cut.,Problem
The QR code for payment on the invoice is invalid and cannot be scanned.,Problem
The installation team left a huge mess and didn't finish the cable casing.,Problem
Is it possible to have two different internet accounts registered under the same house address?,Information
How can I find out if my current router hardware is already outdated for the new 300mbps speed?,Information
What are the criteria for a customer to be eligible for a hardware upgrade to Wi-Fi 6?,Information
Can I get a detailed breakdown of the 'miscellaneous fees' appearing on my January invoice?,Information
Is there a way to verify the technician's digital identity before I let them into my home?,Information
How do I differentiate between a scheduled maintenance and a sudden fiber optic cable cut?,Information
Is there a specific distance limit for the fiber drop cable before extra costs are applied?,Information
Can I see my real-time bandwidth consumption per device through the web gateway?,Information
Is it possible to change the primary billing email without having the old email access?,Information
Can I request a speed test from the central server to verify my line's physical health?,Information
Is it possible to set up a Guest Wi-Fi that has a separate speed limit from the main one?,Information
Is it possible to get a physical receipt for payments made through the Shopee application?,Information
How do I check if my payment has been successfully reconciled in your billing system?,Information
What are the power consumption specs of the modem to calculate my monthly electric bill?,Information
Is it possible to add a second phone line to my existing fiber optic subscription?,Information
Is there a way to block certain MAC addresses from the router without changing the password?,Information
Can I check the signal strength of my ONT remotely through the provider's dashboard?,Information
What are the consequences if I lose the original remote control for the TV box?,Information
Can I still use the landline phone if the electricity in my house goes out?,Information
How can I find out the results of the network survey for my new housing complex?,Information
How do I set up a parental control filter for adult content at the network level?,Information
Is there a way to see the history of technician visits to my house in the last year?,Information
Is it possible to request a specific brand of modem for my new installation?,Information
Is there a loyalty tier for customers who have never had a late payment record?,Information
What is the maximum length of a LAN cable before I start seeing a drop in speed?,Information
Is there a limitation on how many times I can change my Wi-Fi password in a month?,Information
Can I find out the technician's name before they arrive at my house for safety?,Information
Is it possible to upgrade my plan just for one month for a specific event?,Information
How do I reset the TV box's PIN code if I have forgotten the default one?,Information
What are the safety certifications of the power adapter provided with the modem?,Information
Is it possible to use the TV box without an internet connection for local channels?,Information
What are the supported DNS over HTTPS (DoH) providers for this router model?,Information
Is it possible to change the billing date from the 1st to the 15th of each month?,Information
How do I know if the slow speed is due to a crowded Wi-Fi channel in my apartment?,Information
Is it possible to have the router installed in a basement with thick concrete walls?,Information
Can I get a technical manual for the ONT to understand the LED light patterns?,Information
How do I verify the current promotion code before I apply it to my account?,Information
Can I see the uptime percentage of my connection for the last thirty days?,Information
Is it possible to hide my SSID so neighbors cannot see my Wi-Fi name?,Information
Kindly dispatch a technician to my apartment this Saturday for a signal check.,Request
Would it be possible to terminate my current subscription by the end of this mon...,Request
Could you reset the PPPoE credentials and forward the new ones to my phone?,Request
Is there any chance to upgrade my speed to the 200mbps tier effective today?,Request
Please have a team fix the sagging fiber cables near my driveway entrance.,Request
Add the HBO and Disney+ bundle to my television package starting tomorrow.,Request
Can someone inspect my router's power adapter? It's making a strange buzzing noi...,Request
Change my Wi-Fi SSID to 'Home_Private_Network' and disable the broadcast.,Request
Register an additional internet line for my home office using the same account n...,Request
Forward a digital copy of the latest billing statement to my corporate email.,Request
Ship three units of Wi-Fi mesh extenders to my home address as soon as possible.,Request
Deactivate the 'Gaming Booster' add-on before the next billing cycle starts.,Request
Reactivate my internet service now that the outstanding balance is fully settled...,Request
Replace the loose fiber optic socket on my living room wall.,Request
Switch my monthly payment method from bank transfer to automatic credit card deb...,Request
Upgrade my current modem to the newest Wi-Fi 6 model to improve coverage.,Request
Issue a formal letter of clearance for my account closure for legal purposes.,Request
Set up a brand new fiber installation at my villa address in Bali.,Request
Configure the DMZ settings on my gateway so I can host a gaming server.,Request
Replace the snapped fiber connector as soon as a technician is available.,Request
Update the registered billing address to my new apartment in Central Jakarta.,Request
Suspend my subscription for exactly 90 days while I am working overseas.,Request
Apply the 'PROMO2026' discount code to my monthly bill starting now.,Request
Enable the guest network feature on my router with a dedicated speed limit.,Request
Assign a technician to help with the STB installation in my guest bedroom.,Request
Whitelist these specific MAC addresses for my new home security cameras.,Request
Redeem my loyalty points for a temporary one-month speed boost.,Request
Mail a physical copy of my service agreement to my registered office address.,Request
Downgrade my current plan to the basic 30mbps starter tier.,Request
Transfer the ownership of this account to my spouse's legal name.,Request
Conduct a professional signal strength survey for my three-story residence.,Request
Install the latest firmware patch on my ONT to fix the security bugs.,Request
Activate the 'Static IP' add-on for my remote work VPN requirements.,Request
Generate a detailed data usage report for each device on my network.,Request
Move my technician appointment from Monday to Thursday afternoon.,Request
Remove the 'International News' pack from my cable TV channel lineup.,Request
Change my primary contact phone number in the customer database.,Request
Help me set up network-level parental controls for my children's devices.,Request
Inspect the outdoor junction box for any possible signal interference.,Request
Enable international roaming data for the mobile account linked to this fiber.,Request
Process a refund for the seven days when the service was completely offline.,Request
Text the technician's name and photo to my WhatsApp before they arrive.,Request
Switch my billing to the annual upfront plan for a better discount.,Request
Bridge my ISP modem so I can use my own custom ASUS router.,Request
Add a 100GB 'Data Booster' pack to my account for the current week.,Request
Perform a remote factory reset on my modem from the central office.,Request
Update the primary login email for my provider's mobile application.,Request
Send a Wi-Fi expert to optimize the signal coverage in my home.,Request
Provide a formal VAT receipt for my last three monthly payments.,Request
Activate the 'Catch-Up' feature for my current Set-Top Box immediately.,Request
Install a lightning surge protector for the ONT at my residence.,Request
Adjust my billing cycle from the 1st to the 15th of each month.,Request
Provide a longer fiber drop cable for my customized indoor setup.,Request
Set up a separate VLAN for my home office to ensure data isolation.,Request
Swap my standard TV box for the newer 4K-enabled hardware.,Request
Replace the damaged LAN cable in my gaming room with a new one.,Request
Elevate my support ticket to priority status for my business account.,Request
Correct my personal records to reflect the new identity card information.,Request
Enable the 'Family Safe' filter to block all adult content on this line.,Request
Check the stability of the fiber pole located near my front gate.,Request
Extend my payment deadline by five days due to a bank system error.,Request
Help me configure the Port Forwarding settings for my PlayStation 5.,Request
Provide a backup modem unit for my work-from-home setup.,Request
Schedule the technician for tomorrow morning before 10 AM.,Request
Change the Wi-Fi frequency broadcast from 2.4GHz to 5GHz.,Request
Enroll my line in the 'Night Owl' unlimited data promotion.,Request
Perform a full technical audit of my home office network performance.,Request
Fix the messy cable casing inside my living room as soon as possible.,Request
Migrate my connection from the old copper line to the fiber optic network.,Request
Bind my laptop's MAC address for enhanced network-level security.,Request
Generate a temporary access password for the city-wide public hotspots.,Request
Assist with the integration of my smart home and IoT devices.,Request
Issue an official letter for a drilling permit at my apartment building.,Request
Restrict mature channels on my Set-Top Box using the 'Kids Mode'.,Request
Replace my TV remote control that has stopped functioning.,Request
Calibrate the fiber signal strength in my basement for better stability.,Request
Issue a credit note for the overcharged amount on the previous invoice.,Request
Set up a VPN tunnel directly on the provided ISP gateway.,Request
Change the installation location of the modem within my apartment.,Request
Inspect the outdoor distribution box for any physical damage.,Request
Reset my PPPoE credentials and provide the new login details.,Request
Optimize my account for video conferencing applications like Zoom.,Request
Provide a printed technical manual for the newest Wi-Fi 6 ONT model.,Request
Replace the faulty power supply unit of my modem immediately.,Request
Reset my data usage counter as it was consumed by a system update.,Request
Configure the DNS over HTTPS (DoH) settings on my home gateway.,Request
Issue a speed test certificate for my employer's remote work audit.,Request
Remove the abandoned wiring from the previous service provider.,Request
Translate my billing statement into English for my official records.,Request
Enable 'Safe Browsing' for every device connected to my Wi-Fi.,Request
Check for external electromagnetic interference on my fiber line.,Request
Create a custom guest login page for my home Wi-Fi network.,Request
Modify the billing name displayed on my monthly PDF invoice.,Request
Mount the router on the wall to improve the overall signal range.,Request
Add a 50GB data pack to my line for today's high-usage needs.,Request
Adjust the MTU settings on my modem to improve gaming stability.,Request
Conduct a comprehensive system health check for my fiber connection.,Request
Activate the 'Ultra HD' streaming add-on for my account.,Request
Provide a hard copy of the latest Terms and Conditions agreement.,Request
Bury the exposed fiber optic cable in my front yard for safety.,Request
Is it possible to move my router to the bedroom?,Information
Please move my router to the bedroom this afternoon.,Request
Can I change my Wi-Fi password through the mobile app?,Information
Change my Wi-Fi password to 'Admin123' immediately.,Request
How do I add a premium sports channel to my package?,Information
Add the premium sports channel bundle to my account now.,Request
What is the process for terminating my subscription?,Information
I want to terminate my subscription by the end of this month.,Request
Are there any technicians available for a home visit tomorrow?,Information
Schedule a technician visit for my house tomorrow morning.,Request
Could you explain how to upgrade my speed to 100mbps?,Information
Upgrade my speed to the 100mbps plan starting today.,Request
Is there a fee for relocating the fiber optic cable?,Information
Relocate my fiber optic cable to the study room upstairs.,Request
How can I get a static IP for my home office?,Information
Assign a static IP to my account for my VPN setup.,Request
Can you tell me if my area has 5G coverage?,Information
Activate the 5G boost for my home connection right now.,Request
What documents are needed to change the account owner?,Information
Change the account ownership to my brother's name today.,Request
Is it true that I can get a refund for the outage?,Information
Process a refund for the three days of service outage.,Request
Do you provide Wi-Fi extenders for large houses?,Information
Send two Wi-Fi extenders to my home address via courier.,Request
How do I reset my modem to factory settings?,Information
Reset my modem to factory settings from your end.,Request
Are there any discounts for paying for a full year?,Information
Switch my billing to the annual plan to get the discount.,Request
Can I use my own router instead of the ISP one?,Information
Configure my account so I can use my own private router.,Request
What is the procedure to pause my service temporarily?,Information
Pause my subscription for 30 days while I am on vacation.,Request
Is there a way to block certain websites on my Wi-Fi?,Information
Block all adult content websites on my network level.,Request
How long does it take to activate a new add-on?,Information
Activate the 'Gamer Pro' add-on for my account immediately.,Request
Are there any installation slots open for next Monday?,Information
Book an installation slot for my new house next Monday.,Request
Can I see a detailed report of my daily data usage?,Information
Email me a detailed report of my data usage for last month.,Request
Is it possible to bridge my modem for a mesh system?,Information
Bridge my modem now so I can set up my Google Nest.,Request
What is the cost of replacing a broken remote control?,Information
Replace my broken TV remote and bill it to my account.,Request
Can I get an English version of my billing statement?,Information
Send my monthly billing statement in English from now on.,Request
Is there a loyalty program for 5-year customers?,Information
Apply the 5-year loyalty discount to my current monthly bill.,Request
How do I whitelist a MAC address on my router?,Information
Whitelist this MAC address: AA:BB:CC:11:22:33 for my PC.,Request
What is the specific bandwidth ratio between upload and download for the 100mbps...,Information
Does the fiber optic technology used in this area support symmetrical speeds?,Information
Are there any planned network optimizations that might affect connection stabili...,Information
How does the ISP handle data encryption to ensure secure browsing for home users...,Information
What are the technical specifications of the latest Wi-Fi 6 router provided by t...,Information
Is it possible to track the real-time location of the technician arriving for my...,Information
What is the standard procedure for getting a refund if a payment was deducted tw...,Information
Are there any specific weather conditions that could physically damage the outdo...,Information
How can I find out if my current router firmware is vulnerable to recent securit...,Information
What is the difference in latency when using your DNS versus a public one like C...,Information
Is there a loyalty tier for customers who have maintained an active account for ...,Information
What are the power requirements for the ONT to ensure it doesn't short circuit d...,Information
How is the Fair Usage Policy (FUP) calculated if I have multiple add-on data pac...,Information
Are there any legal restrictions on hosting a private Minecraft server on a home...,Information
What are the bank administrative codes required for setting up an auto-payment v...,Information
Is there a way to verify if a neighbor is tapping into my Wi-Fi signal without p...,Information
What is the maximum range of the 5GHz signal in a house with thick brick walls?,Information
How do I differentiate between a localized modem failure and a broader regional ...,Information
Are the Set-Top Boxes provided for TV services compatible with 4K HDR10 technolo...,Information
What documents are officially required to move a subscription from a residential...,Information
Is there a specific period during the night when the system automatically resets...,Information
How can I check the status of my area's fiber coverage expansion through the off...,Information
What is the standard response time for a critical technical ticket in a suburban...,Information
Are there any built-in parental control features that work directly at the hardw...,Information
How does the ISP prioritize traffic for video conferencing apps like Zoom and Mi...,Information
What is the replacement cost for an ONT device if it is damaged by a lightning s...,Information
Is it possible to access the router's internal logs to see connection drop histo...,Information
What are the terms regarding the return of equipment after a contract has natura...,Information
How can I confirm if my payment made via a third-party kiosk has been reconciled...,Information
Are there any specific frequency bands that might interfere with the router's 2....,Information
What is the process for a foreigner to register for an internet account using a ...,Information
Is there a mobile app feature that allows me to reboot the router from a remote ...,Information
How do I know if the slow speed is caused by a faulty LAN cable or the ISP's net...,Information
What are the benefits of the 'Fixed IP' service compared to the standard dynamic...,Information
Are there any promotional bundles that combine home fiber with mobile data plans...,Information
What is the exact deadline for bill payments before a late fee is automatically ...,Information
How can I find out the results of the signal survey conducted in my apartment bu...,Information
Is there a technical manual available for the provided STB to understand error c...,Information
What happens to the internet speed if the fiber cable is bent at a sharp 90-degr...,Information
How do I verify the authenticity of an email claiming to be from the billing dep...,Information
Is there a maximum number of devices that can be connected before the IP pool is...,Information
What are the criteria for receiving a free hardware upgrade to the latest model?,Information
How is the prorated bill calculated if I join during a leap year or a 31-day mon...,Information
Are there any specific antivirus software brands that are recommended for use wi...,Information
What is the estimated uptime percentage guaranteed for the premium residential p...,Information
How do I check if my account is eligible for a temporary speed boost during the ...,Information
Is the fiber optic cable used in this district fire-resistant or heat-protected?,Information
What are the security protocols used for the provider's public Wi-Fi hotspots?,Information
How can I see a list of all devices that have historically connected to my home ...,Information
Is there a dedicated support line for expats who require assistance in English?,Information
